stat,stat_label,rank,Player,Span,Mat,Inns,NO,Runs,HS,Ave,BF,SR,100s,50s,Ducks,4s,6s,Balls,Overs,Mdns,Wkts,BBI,Econ,4w,5w,Team,Opposition,Ground,Match Date,Match ID,10w,Series
most_runs,Most Runs (career),1,CH Gayle (WI),2002-2013,17.0,17.0,2.0,791,133*,52.73,891.0,88.77,3.0,1.0,1.0,101.0,15.0,,,,,,,,,,,,,,,
most_runs,Most Runs (career),2,V Kohli (IND),2009-2025,18.0,17.0,7.0,747,100*,74.7,836.0,89.35,1.0,6.0,1.0,68.0,8.0,,,,,,,,,,,,,,,
most_runs,Most Runs (career),3,DPMD Jayawardene (SL),2000-2013,22.0,21.0,3.0,742,84*,41.22,875.0,84.8,0.0,5.0,0.0,79.0,6.0,,,,,,,,,,,,,,,
most_runs,Most Runs (career),4,S Dhawan (IND),2013-2017,10.0,10.0,1.0,701,125,77.88,690.0,101.59,3.0,3.0,0.0,79.0,8.0,,,,,,,,,,,,,,,
most_runs,Most Runs (career),5,KC Sangakkara (SL),2000-2013,22.0,21.0,3.0,683,134*,37.94,957.0,71.36,1.0,4.0,2.0,68.0,0.0,,,,,,,,,,,,,,,
most_runs,Most Runs (career),6,SC Ganguly (IND),1998-2004,13.0,11.0,2.0,665,141*,73.88,800.0,83.12,3.0,3.0,1.0,66.0,17.0,,,,,,,,,,,,,,,
most_runs,Most Runs (career),7,RG Sharma (IND),2013-2025,15.0,15.0,1.0,661,123*,47.21,763.0,86.63,1.0,5.0,1.0,72.0,14.0,,,,,,,,,,,,,,,
most_runs,Most Runs (career),8,JE Root (ENG),2013-2025,12.0,12.0,1.0,656,133*,59.63,689.0,95.21,2.0,3.0,0.0,53.0,6.0,,,,,,,,,,,,,,,
most_runs,Most Runs (career),9,JH Kallis (SA),1998-2009,17.0,17.0,3.0,653,113*,46.64,843.0,77.46,1.0,3.0,0.0,63.0,9.0,,,,,,,,,,,,,,,
most_runs,Most Runs (career),10,R Dravid (IND),1998-2009,19.0,15.0,2.0,627,76,48.23,855.0,73.33,0.0,6.0,0.0,56.0,1.0,,,,,,,,,,,,,,,
most_runs,Most Runs (career),11,RT Ponting (AUS),1998-2009,18.0,18.0,3.0,593,111*,39.53,775.0,76.51,1.0,4.0,1.0,66.0,4.0,,,,,,,,,,,,,,,
most_runs,Most Runs (career),12,S Chanderpaul (WI),1998-2006,16.0,16.0,5.0,587,74,53.36,864.0,67.93,0.0,5.0,0.0,67.0,3.0,,,,,,,,,,,,,,,
most_runs,Most Runs (career),13,KS Williamson (NZ),2013-2025,11.0,11.0,1.0,545,102,54.5,611.0,89.19,2.0,4.0,0.0,50.0,6.0,,,,,,,,,,,,,,,
most_runs,Most Runs (career),14,ST Jayasuriya (SL),1998-2009,20.0,20.0,2.0,536,102*,29.77,609.0,88.01,1.0,1.0,3.0,67.0,6.0,,,,,,,,,,,,,,,
most_runs,Most Runs (career),15,DR Martyn (AUS),1998-2006,12.0,11.0,3.0,492,78,61.5,665.0,73.98,0.0,5.0,0.0,63.0,0.0,,,,,,,,,,,,,,,
most_runs,Most Runs (career),16,Mohammad Yousuf (PAK),2000-2009,13.0,12.0,2.0,484,87,48.4,714.0,67.78,0.0,3.0,1.0,41.0,3.0,,,,,,,,,,,,,,,
most_runs,Most Runs (career),17,GC Smith (SA),2002-2009,12.0,12.0,1.0,470,141,42.72,542.0,86.71,1.0,2.0,1.0,57.0,1.0,,,,,,,,,,,,,,,
most_runs,Most Runs (career),18,BC Lara (WI),1998-2006,18.0,17.0,3.0,465,111,33.21,611.0,76.1,1.0,2.0,0.0,46.0,9.0,,,,,,,,,,,,,,,
most_runs,Most Runs (career),19,HH Gibbs (SA),2002-2009,10.0,10.0,1.0,460,116*,51.11,538.0,85.5,3.0,1.0,2.0,50.0,6.0,,,,,,,,,,,,,,,
most_runs,Most Runs (career),20,SR Watson (AUS),2002-2013,17.0,15.0,4.0,453,136*,41.18,547.0,82.81,2.0,2.0,4.0,44.0,12.0,,,,,,,,,,,,,,,
most_wickets,Most Wickets (career),1,KD Mills (NZ),2002-2013,15.0,15.0,,483,,17.25,,24.1,,,,,,675.0,112.3,7.0,28.0,4/30,4.29,2.0,0.0,,,,,,,
most_wickets,Most Wickets (career),2,SL Malinga (SL),2006-2017,16.0,16.0,,766,,30.64,,34.56,,,,,,864.0,144.0,9.0,25.0,4/34,5.31,2.0,0.0,,,,,,,
most_wickets,Most Wickets (career),3,M Muralidaran (SL),1998-2009,17.0,15.0,,484,,20.16,,33.54,,,,,,805.0,134.1,11.0,24.0,4/15,3.6,2.0,0.0,,,,,,,
most_wickets,Most Wickets (career),4,B Lee (AUS),2000-2009,16.0,15.0,,591,,26.86,,33.59,,,,,,739.0,123.1,6.0,22.0,3/38,4.79,0.0,0.0,,,,,,,
most_wickets,Most Wickets (career),5,GD McGrath (AUS),2000-2006,12.0,12.0,,412,,19.61,,29.14,,,,,,612.0,102.0,13.0,21.0,5/37,4.03,0.0,1.0,,,,,,,
most_wickets,Most Wickets (career),6,JM Anderson (ENG),2006-2013,12.0,12.0,,457,,21.76,,28.95,,,,,,608.0,101.2,6.0,21.0,3/20,4.5,0.0,0.0,,,,,,,
most_wickets,Most Wickets (career),7,RA Jadeja (IND),2013-2025,15.0,15.0,,586,,27.9,,35.71,,,,,,750.0,125.0,6.0,21.0,5/36,4.68,0.0,1.0,,,,,,,
most_wickets,Most Wickets (career),8,JH Kallis (SA),1998-2009,17.0,15.0,,525,,26.25,,31.95,,,,,,639.0,106.3,3.0,20.0,5/30,4.92,0.0,1.0,,,,,,,
most_wickets,Most Wickets (career),9,M Dillon (WI),1998-2004,7.0,7.0,,317,,16.68,,21.47,,,,,,408.0,68.0,10.0,19.0,5/29,4.66,1.0,1.0,,,,,,,
most_wickets,Most Wickets (career),10,WPUJC Vaas (SL),1998-2006,16.0,16.0,,494,,27.44,,41.88,,,,,,754.0,125.4,19.0,18.0,2/6,3.93,0.0,0.0,,,,,,,
most_wickets,Most Wickets (career),11,DL Vettori (NZ),1998-2013,17.0,17.0,,522,,29.0,,47.55,,,,,,856.0,142.4,12.0,18.0,3/14,3.65,0.0,0.0,,,,,,,
most_wickets,Most Wickets (career),12,CH Gayle (WI),2002-2013,17.0,14.0,,380,,22.35,,29.88,,,,,,508.0,84.4,2.0,17.0,3/3,4.48,0.0,0.0,,,,,,,
most_wickets,Most Wickets (career),13,SR Watson (AUS),2002-2013,17.0,15.0,,396,,23.29,,33.88,,,,,,576.0,96.0,3.0,17.0,3/16,4.12,0.0,0.0,,,,,,,
most_wickets,Most Wickets (career),14,SE Bond (NZ),2002-2009,10.0,10.0,,472,,27.76,,32.11,,,,,,546.0,91.0,5.0,17.0,4/21,5.18,1.0,0.0,,,,,,,
most_wickets,Most Wickets (career),15,MF Maharoof (SL),2004-2006,8.0,8.0,,247,,15.43,,20.62,,,,,,330.0,55.0,4.0,16.0,6/14,4.49,0.0,1.0,,,,,,,
most_wickets,Most Wickets (career),16,M Ntini (SA),2002-2006,8.0,8.0,,248,,15.5,,21.37,,,,,,342.0,57.0,7.0,16.0,5/21,4.35,0.0,1.0,,,,,,,
most_wickets,Most Wickets (career),17,SM Pollock (SA),2000-2006,11.0,11.0,,321,,20.06,,33.06,,,,,,529.0,88.1,8.0,16.0,3/27,3.64,0.0,0.0,,,,,,,
most_wickets,Most Wickets (career),18,SCJ Broad (ENG),2009-2013,8.0,8.0,,358,,22.37,,24.0,,,,,,384.0,64.0,3.0,16.0,4/39,5.59,1.0,0.0,,,,,,,
most_wickets,Most Wickets (career),19,JDP Oram (NZ),2002-2006,8.0,8.0,,270,,18.0,,25.86,,,,,,388.0,64.4,7.0,15.0,5/36,4.17,0.0,1.0,,,,,,,
most_wickets,Most Wickets (career),20,Z Khan (IND),2000-2002,9.0,9.0,,368,,24.53,,32.0,,,,,,480.0,80.0,7.0,15.0,4/45,4.6,1.0,0.0,,,,,,,
best_bowling_innings,Best Bowling Figures (innings),1,MF Maharoof,,,1.0,,14,,,,,,,,,,,9.0,2.0,6.0,,1.55,,,Sri Lanka,v West Indies,Brabourne,14 Oct 2006,2428.0,,
best_bowling_innings,Best Bowling Figures (innings),2,JR Hazlewood,,,1.0,,52,,,,,,,,,,,9.0,0.0,6.0,,5.77,,,Australia,v New Zealand,Birmingham,2 Jun 2017,3876.0,,
best_bowling_innings,Best Bowling Figures (innings),3,Shahid Afridi,,,1.0,,11,,,,,,,,,,,6.0,1.0,5.0,,1.83,,,Pakistan,v Kenya,Birmingham,14 Sep 2004,2174.0,,
best_bowling_innings,Best Bowling Figures (innings),4,M Ntini,,,2.0,,21,,,,,,,,,,,6.0,2.0,5.0,,3.5,,,South Africa,v Pakistan,Mohali,27 Oct 2006,2438.0,,
best_bowling_innings,Best Bowling Figures (innings),5,M Dillon,,,2.0,,29,,,,,,,,,,,10.0,4.0,5.0,,2.9,,,West Indies,v Bangladesh,Southampton,15 Sep 2004,2175.0,,
best_bowling_innings,Best Bowling Figures (innings),6,JH Kallis,,,1.0,,30,,,,,,,,,,,7.3,0.0,5.0,,4.0,,,South Africa,v West Indies,Dhaka,1 Nov 1998,1364.0,,
best_bowling_innings,Best Bowling Figures (innings),7,JDP Oram,,,2.0,,36,,,,,,,,,,,9.4,1.0,5.0,,3.72,,,New Zealand,v U.S.A.,The Oval,10 Sep 2004,2169.0,,
best_bowling_innings,Best Bowling Figures (innings),8,RA Jadeja,,,1.0,,36,,,,,,,,,,,10.0,2.0,5.0,,3.6,,,India,v West Indies,The Oval,11 Jun 2013,3368.0,,
best_bowling_innings,Best Bowling Figures (innings),9,GD McGrath,,,2.0,,37,,,,,,,,,,,7.0,1.0,5.0,,5.28,,,Australia,v New Zealand,Colombo (SSC),15 Sep 2002,1877.0,,
best_bowling_innings,Best Bowling Figures (innings),10,CV Varun,,,2.0,,42,,,,,,,,,,,10.0,0.0,5.0,,4.2,,,India,v New Zealand,Dubai (DICS),2 Mar 2025,4852.0,,
best_bowling_innings,Best Bowling Figures (innings),11,MJ Henry,,,1.0,,42,,,,,,,,,,,8.0,0.0,5.0,,5.25,,,New Zealand,v India,Dubai (DICS),2 Mar 2025,4852.0,,
best_bowling_innings,Best Bowling Figures (innings),12,SB O'Connor,,,1.0,,46,,,,,,,,,,,9.2,0.0,5.0,,4.92,,,New Zealand,v Pakistan,Nairobi (Gym),11 Oct 2000,1637.0,,
best_bowling_innings,Best Bowling Figures (innings),13,Mohammed Shami,,,1.0,,53,,,,,,,,,,,10.0,0.0,5.0,,5.3,,,India,v Bangladesh,Dubai (DICS),20 Feb 2025,4844.0,,
best_bowling_innings,Best Bowling Figures (innings),14,WD Parnell,,,1.0,,57,,,,,,,,,,,8.0,0.0,5.0,,7.12,,,South Africa,v New Zealand,Centurion,24 Sep 2009,2895.0,,
best_bowling_innings,Best Bowling Figures (innings),15,Azmatullah Omarzai,,,2.0,,58,,,,,,,,,,,9.5,0.0,5.0,,5.89,,,Afghanistan,v England,Lahore,26 Feb 2025,4849.0,,
best_bowling_innings,Best Bowling Figures (innings),16,MS Kasprowicz,,,1.0,,14,,,,,,,,,,,7.0,1.0,4.0,,2.0,,,Australia,v U.S.A.,Southampton,13 Sep 2004,2172.0,,
best_bowling_innings,Best Bowling Figures (innings),17,M Muralidaran,,,2.0,,15,,,,,,,,,,,5.3,2.0,4.0,,2.72,,,Sri Lanka,v Netherlands,Colombo (RPS),16 Sep 2002,1878.0,,
best_bowling_innings,Best Bowling Figures (innings),18,JN Gillespie,,,1.0,,15,,,,,,,,,,,6.0,1.0,4.0,,2.5,,,Australia,v U.S.A.,Southampton,13 Sep 2004,2172.0,,
best_bowling_innings,Best Bowling Figures (innings),19,R McLaren,,,2.0,,19,,,,,,,,,,,8.0,3.0,4.0,,2.37,,,South Africa,v Pakistan,Birmingham,10 Jun 2013,3367.0,,
best_bowling_innings,Best Bowling Figures (innings),20,SE Bond,,,2.0,,21,,,,,,,,,,,5.0,0.0,4.0,,4.2,,,New Zealand,v Bangladesh,Colombo (SSC),23 Sep 2002,1885.0,,
best_economy_career,Best Economy Rate (career),1,PA de Silva (SL),1998-2002,7.0,,,16,,16.00,,60,,,,,,60.0,10.0,2.0,1.0,1/16,1.6,0.0,0.0,,,,,,0.0,
best_economy_career,Best Economy Rate (career),2,WW Hinds (WI),2000-2006,11.0,,,51,,10.20,,24,,,,,,120.0,20.0,3.0,5.0,3/24,2.55,0.0,0.0,,,,,,0.0,
best_economy_career,Best Economy Rate (career),3,SK Warne (AUS),2002-2002,3.0,,,60,,20.00,,40.6,,,,,,122.0,20.2,4.0,3.0,1/2,2.95,0.0,0.0,,,,,,0.0,
best_economy_career,Best Economy Rate (career),4,JL Ontong (SA),2002-2002,1.0,,,30,,10.00,,20,,,,,,60.0,10.0,1.0,3.0,3/30,3.0,0.0,0.0,,,,,,0.0,
best_economy_career,Best Economy Rate (career),5,RR Powar (IND),2006-2006,1.0,,,24,,8.00,,16,,,,,,48.0,8.0,1.0,3.0,3/24,3.0,0.0,0.0,,,,,,0.0,
best_economy_career,Best Economy Rate (career),6,JN Snape (ENG),2002-2002,1.0,,,18,,18.00,,36,,,,,,36.0,6.0,0.0,1.0,1/18,3.0,0.0,0.0,,,,,,0.0,
best_economy_career,Best Economy Rate (career),7,Shoaib Akhtar (PAK),2002-2004,5.0,,,114,,16.28,,32.4,,,,,,227.0,37.5,7.0,7.0,4/36,3.01,1.0,0.0,,,,,,0.0,
best_economy_career,Best Economy Rate (career),8,PT Collins (WI),2002-2002,2.0,,,56,,18.66,,36.3,,,,,,109.0,18.1,4.0,3.0,3/18,3.08,0.0,0.0,,,,,,0.0,
best_economy_career,Best Economy Rate (career),9,XJ Doherty (AUS),2013-2013,2.0,,,34,,34.00,,66,,,,,,66.0,11.0,1.0,1.0,1/30,3.09,0.0,0.0,,,,,,0.0,
best_economy_career,Best Economy Rate (career),10,S Lee (AUS),2000-2000,1.0,,,31,,15.50,,30,,,,,,60.0,10.0,0.0,2.0,2/31,3.1,0.0,0.0,,,,,,0.0,
best_economy_career,Best Economy Rate (career),11,MH Yardy (ENG),2006-2006,3.0,,,60,,-,,-,,,,,,114.0,19.0,2.0,0.0,-,3.15,0.0,0.0,,,,,,0.0,
best_economy_career,Best Economy Rate (career),12,HDPK Dharmasena (SL),1998-2002,6.0,,,115,,19.16,,36,,,,,,216.0,36.0,4.0,6.0,2/14,3.19,0.0,0.0,,,,,,0.0,
best_economy_career,Best Economy Rate (career),13,RO Hinds (WI),2004-2004,3.0,,,36,,-,,-,,,,,,66.0,11.0,0.0,0.0,-,3.27,0.0,0.0,,,,,,0.0,
best_economy_career,Best Economy Rate (career),14,P Kumar (IND),2009-2009,2.0,,,56,,18.66,,34,,,,,,102.0,17.0,3.0,3.0,3/22,3.29,0.0,0.0,,,,,,0.0,
best_economy_career,Best Economy Rate (career),15,NO Miller (WI),2009-2009,3.0,,,44,,22.00,,39.5,,,,,,79.0,13.1,1.0,2.0,2/24,3.34,0.0,0.0,,,,,,0.0,
best_economy_career,Best Economy Rate (career),16,JWM Dalrymple (ENG),2006-2006,3.0,,,57,,28.50,,51,,,,,,102.0,17.0,0.0,2.0,2/5,3.35,0.0,0.0,,,,,,0.0,
best_economy_career,Best Economy Rate (career),17,RD King (WI),1998-1998,2.0,,,68,,-,,-,,,,,,120.0,20.0,2.0,0.0,-,3.4,0.0,0.0,,,,,,0.0,
best_economy_career,Best Economy Rate (career),18,Abdur Razzak (BAN),2006-2006,3.0,,,91,,22.75,,39.5,,,,,,158.0,26.2,2.0,4.0,2/12,3.45,0.0,0.0,,,,,,0.0,
best_economy_career,Best Economy Rate (career),19,J Lewis (ENG),2006-2006,1.0,,,35,,35.00,,60,,,,,,60.0,10.0,1.0,1.0,1/35,3.5,0.0,0.0,,,,,,0.0,
best_economy_career,Best Economy Rate (career),20,MW Short (AUS),2025-2025,2.0,,,28,,-,,-,,,,,,48.0,8.0,0.0,0.0,-,3.5,0.0,0.0,,,,,,0.0,
best_economy_innings,Best Economy Rate (innings),1,ST Jayasuriya,,,,,3,,,,,,,,,,,4.0,2.0,0.0,,0.75,,,Sri Lanka,v Zimbabwe,Ahmedabad,10 Oct 2006,2425.0,,
best_economy_innings,Best Economy Rate (innings),2,M Muralidaran,,,,,9,,,,,,,,,,,10.0,4.0,0.0,,0.9,,,Sri Lanka,v West Indies,Nairobi (Gym),4 Oct 2000,1631.0,,
best_economy_innings,Best Economy Rate (innings),3,CH Gayle,,,,,3,,,,,,,,,,,3.1,1.0,3.0,,0.94,,,West Indies,v Zimbabwe,Ahmedabad,8 Oct 2006,2424.0,,
best_economy_innings,Best Economy Rate (innings),4,WPUJC Vaas,,,,,6,,,,,,,,,,,6.0,2.0,2.0,,1.0,,,Sri Lanka,v West Indies,Brabourne,14 Oct 2006,2428.0,,
best_economy_innings,Best Economy Rate (innings),5,JWM Dalrymple,,,,,5,,,,,,,,,,,4.0,0.0,2.0,,1.25,,,England,v India,Jaipur,15 Oct 2006,2429.0,,
best_economy_innings,Best Economy Rate (innings),6,DM Benkenstein,,,,,5,,,,,,,,,,,3.5,1.0,3.0,,1.3,,,South Africa,v Kenya,Colombo (RPS),20 Sep 2002,1882.0,,
best_economy_innings,Best Economy Rate (innings),7,DL Vettori,,,,,14,,,,,,,,,,,10.0,3.0,3.0,,1.4,,,New Zealand,v U.S.A.,The Oval,10 Sep 2004,2169.0,,
best_economy_innings,Best Economy Rate (innings),8,DJ Bravo,,,,,14,,,,,,,,,,,10.0,1.0,3.0,,1.4,,,West Indies,v Bangladesh,Jaipur,11 Oct 2006,2426.0,,
best_economy_innings,Best Economy Rate (innings),9,HDPK Dharmasena,,,,,14,,,,,,,,,,,9.0,3.0,2.0,,1.55,,,Sri Lanka,v Netherlands,Colombo (RPS),16 Sep 2002,1878.0,,
best_economy_innings,Best Economy Rate (innings),10,MF Maharoof,,,,,14,,,,,,,,,,,9.0,2.0,6.0,,1.55,,,Sri Lanka,v West Indies,Brabourne,14 Oct 2006,2428.0,,
best_economy_innings,Best Economy Rate (innings),11,PA de Silva,,,,,16,,,,,,,,,,,10.0,2.0,1.0,,1.6,,,Sri Lanka,v Australia,Colombo (RPS),27 Sep 2002,1887.0,,
best_economy_innings,Best Economy Rate (innings),12,WPUJC Vaas,,,,,16,,,,,,,,,,,10.0,3.0,2.0,,1.6,,,Sri Lanka,v South Africa,Ahmedabad,24 Oct 2006,2435.0,,
best_economy_innings,Best Economy Rate (innings),13,SM Pollock,,,,,10,,,,,,,,,,,6.0,2.0,1.0,,1.66,,,South Africa,v Kenya,Colombo (RPS),20 Sep 2002,1882.0,,
best_economy_innings,Best Economy Rate (innings),14,Shoaib Akhtar,,,,,14,,,,,,,,,,,8.0,3.0,1.0,,1.75,,,Pakistan,v Netherlands,Colombo (SSC),21 Sep 2002,1883.0,,
best_economy_innings,Best Economy Rate (innings),15,Harbhajan Singh,,,,,14,,,,,,,,,,,8.0,2.0,2.0,,1.75,,,India,v West Indies,Johannesburg,30 Sep 2009,2904.0,,
best_economy_innings,Best Economy Rate (innings),16,JM Anderson,,,,,14,,,,,,,,,,,8.0,1.0,2.0,,1.75,,,England,v South Africa,The Oval,19 Jun 2013,3375.0,,
best_economy_innings,Best Economy Rate (innings),17,Mohammad Sami,,,,,18,,,,,,,,,,,10.0,1.0,1.0,,1.8,,,Pakistan,v Netherlands,Colombo (SSC),21 Sep 2002,1883.0,,
best_economy_innings,Best Economy Rate (innings),18,Shahid Afridi,,,,,18,,,,,,,,,,,10.0,3.0,3.0,,1.8,,,Pakistan,v Netherlands,Colombo (SSC),21 Sep 2002,1883.0,,
best_economy_innings,Best Economy Rate (innings),19,Shakib Al Hasan,,,,,18,,,,,,,,,,,10.0,1.0,3.0,,1.8,,,Bangladesh,v Zimbabwe,Jaipur,13 Oct 2006,2427.0,,
best_economy_innings,Best Economy Rate (innings),20,MH Yardy,,,,,18,,,,,,,,,,,10.0,1.0,0.0,,1.8,,,England,v Australia,Jaipur,21 Oct 2006,2434.0,,
most_runs_conceded,Most Runs Conceded (innings),1,Wahab Riaz,,,,,87,,,,,,,,,,,8.4,0.0,0.0,,10.03,,,Pakistan,v India,Birmingham,4 Jun 2017,3878.0,,
most_runs_conceded,Most Runs Conceded (innings),2,T Panyangara,,,,,86,,,,,,,,,,,10.0,0.0,1.0,,8.6,,,Zimbabwe,v England,Birmingham,10 Sep 2004,2168.0,,
most_runs_conceded,Most Runs Conceded (innings),3,SL Malinga,,,,,85,,,,,,,,,,,10.0,0.0,1.0,,8.5,,,Sri Lanka,v New Zealand,Johannesburg,27 Sep 2009,2899.0,,
most_runs_conceded,Most Runs Conceded (innings),4,LL Tsotsobe,,,,,83,,,,,,,,,,,10.0,0.0,2.0,,8.3,,,South Africa,v India,Cardiff,6 Jun 2013,3363.0,,
most_runs_conceded,Most Runs Conceded (innings),5,Haris Rauf,,,,,83,,,,,,,,,,,10.0,0.0,2.0,,8.3,,,Pakistan,v New Zealand,Karachi,19 Feb 2025,4843.0,,
most_runs_conceded,Most Runs Conceded (innings),6,SE Bond,,,,,82,,,,,,,,,,,9.0,0.0,0.0,,9.11,,,New Zealand,v Sri Lanka,Johannesburg,27 Sep 2009,2899.0,,
most_runs_conceded,Most Runs Conceded (innings),7,JT Ball,,,,,82,,,,,,,,,,,10.0,1.0,1.0,,8.2,,,England,v Bangladesh,The Oval,1 Jun 2017,3875.0,,
most_runs_conceded,Most Runs Conceded (innings),8,JC Archer,,,,,82,,,,,,,,,,,10.0,0.0,1.0,,8.2,,,England,v Australia,Lahore,22 Feb 2025,4846.0,,
most_runs_conceded,Most Runs Conceded (innings),9,RK Kleinveldt,,,,,81,,,,,,,,,,,10.0,0.0,0.0,,8.1,,,South Africa,v India,Cardiff,6 Jun 2013,3363.0,,
most_runs_conceded,Most Runs Conceded (innings),10,RMS Eranga,,,,,80,,,,,,,,,,,10.0,0.0,2.0,,8.0,,,Sri Lanka,v England,The Oval,13 Jun 2013,3370.0,,
most_runs_conceded,Most Runs Conceded (innings),11,WD Parnell,,,,,79,,,,,,,,,,,10.0,0.0,3.0,,7.9,,,South Africa,v Sri Lanka,Centurion,22 Sep 2009,2893.0,,
most_runs_conceded,Most Runs Conceded (innings),12,AF Milne,,,,,79,,,,,,,,,,,10.0,0.0,3.0,,7.9,,,New Zealand,v England,Cardiff,6 Jun 2017,3880.0,,
most_runs_conceded,Most Runs Conceded (innings),13,M Jansen,,,,,79,,,,,,,,,,,10.0,0.0,0.0,,7.9,,,South Africa,v New Zealand,Lahore,5 Mar 2025,4855.0,,
most_runs_conceded,Most Runs Conceded (innings),14,CO Obuya,,,,,77,,,,,,,,,,,10.0,0.0,2.0,,7.7,,,Kenya,v South Africa,Colombo (RPS),20 Sep 2002,1882.0,,
most_runs_conceded,Most Runs Conceded (innings),15,RW Staple,,,,,76,,,,,,,,,,,10.0,0.0,2.0,,7.6,,,U.S.A.,v New Zealand,The Oval,10 Sep 2004,2169.0,,
most_runs_conceded,Most Runs Conceded (innings),16,UT Yadav,,,,,75,,,,,,,,,,,10.0,0.0,2.0,,7.5,,,India,v South Africa,Cardiff,6 Jun 2013,3363.0,,
most_runs_conceded,Most Runs Conceded (innings),17,MA Starc,,,,,75,,,,,,,,,,,10.0,0.0,1.0,,7.5,,,Australia,v England,Birmingham,8 Jun 2013,3365.0,,
most_runs_conceded,Most Runs Conceded (innings),18,MA Wood,,,,,75,,,,,,,,,,,9.3,0.0,1.0,,7.89,,,England,v Australia,Lahore,22 Feb 2025,4846.0,,
most_runs_conceded,Most Runs Conceded (innings),19,Shaheen Shah Afridi,,,,,74,,,,,,,,,,,8.0,0.0,2.0,,9.25,,,Pakistan,v India,Dubai (DICS),23 Feb 2025,4847.0,,
most_runs_conceded,Most Runs Conceded (innings),20,Mohammed Shami,,,,,74,,,,,,,,,,,9.0,0.0,1.0,,8.22,,,India,v New Zealand,Dubai (DICS),9 Mar 2025,4858.0,,
most_five_wicket_hauls,Most Five-Wicket Hauls (career),1,Azmatullah Omarzai (AFG),2025-2025,3.0,3.0,,140,,20.0,,17.85,,,,,,125.0,20.5,0.0,7.0,5/58,6.72,0.0,1.0,,,,,,0.0,
most_five_wicket_hauls,Most Five-Wicket Hauls (career),2,SB O'Connor (NZ),2000-2000,3.0,3.0,,103,,20.6,,25.6,,,,,,128.0,21.2,0.0,5.0,5/46,4.82,0.0,1.0,,,,,,0.0,
most_five_wicket_hauls,Most Five-Wicket Hauls (career),3,JR Hazlewood (AUS),2017-2017,3.0,3.0,,142,,15.77,,18.66,,,,,,168.0,28.0,0.0,9.0,6/52,5.07,0.0,1.0,,,,,,0.0,
most_five_wicket_hauls,Most Five-Wicket Hauls (career),4,CV Varun (IND),2025-2025,3.0,3.0,,136,,15.11,,20.0,,,,,,180.0,30.0,0.0,9.0,5/42,4.53,0.0,1.0,,,,,,0.0,
most_five_wicket_hauls,Most Five-Wicket Hauls (career),5,MJ Henry (NZ),2025-2025,4.0,4.0,,167,,16.7,,18.8,,,,,,188.0,31.2,1.0,10.0,5/42,5.32,0.0,1.0,,,,,,0.0,
most_five_wicket_hauls,Most Five-Wicket Hauls (career),6,Mohammed Shami (IND),2025-2025,5.0,5.0,,233,,25.88,,27.33,,,,,,246.0,41.0,0.0,9.0,5/53,5.68,0.0,1.0,,,,,,0.0,
most_five_wicket_hauls,Most Five-Wicket Hauls (career),7,WD Parnell (SA),2009-2017,5.0,5.0,,275,,25.0,,22.9,,,,,,252.0,42.0,2.0,11.0,5/57,6.54,0.0,1.0,,,,,,0.0,
most_five_wicket_hauls,Most Five-Wicket Hauls (career),8,MF Maharoof (SL),2004-2006,8.0,8.0,,247,,15.43,,20.62,,,,,,330.0,55.0,4.0,16.0,6/14,4.49,0.0,1.0,,,,,,0.0,
most_five_wicket_hauls,Most Five-Wicket Hauls (career),9,M Ntini (SA),2002-2006,8.0,8.0,,248,,15.5,,21.37,,,,,,342.0,57.0,7.0,16.0,5/21,4.35,0.0,1.0,,,,,,0.0,
most_five_wicket_hauls,Most Five-Wicket Hauls (career),10,JDP Oram (NZ),2002-2006,8.0,8.0,,270,,18.0,,25.86,,,,,,388.0,64.4,7.0,15.0,5/36,4.17,0.0,1.0,,,,,,0.0,
most_five_wicket_hauls,Most Five-Wicket Hauls (career),11,M Dillon (WI),1998-2004,7.0,7.0,,317,,16.68,,21.47,,,,,,408.0,68.0,10.0,19.0,5/29,4.66,1.0,1.0,,,,,,0.0,
most_five_wicket_hauls,Most Five-Wicket Hauls (career),12,Shahid Afridi (PAK),1998-2009,13.0,12.0,,427,,30.5,,42.28,,,,,,592.0,98.4,4.0,14.0,5/11,4.32,0.0,1.0,,,,,,0.0,
most_five_wicket_hauls,Most Five-Wicket Hauls (career),13,GD McGrath (AUS),2000-2006,12.0,12.0,,412,,19.61,,29.14,,,,,,612.0,102.0,13.0,21.0,5/37,4.03,0.0,1.0,,,,,,0.0,
most_five_wicket_hauls,Most Five-Wicket Hauls (career),14,JH Kallis (SA),1998-2009,17.0,15.0,,525,,26.25,,31.95,,,,,,639.0,106.3,3.0,20.0,5/30,4.92,0.0,1.0,,,,,,0.0,
most_five_wicket_hauls,Most Five-Wicket Hauls (career),15,RA Jadeja (IND),2013-2025,15.0,15.0,,586,,27.9,,35.71,,,,,,750.0,125.0,6.0,21.0,5/36,4.68,0.0,1.0,,,,,,0.0,
most_wickets_series,Most Wickets (single series/edition),1,Hasan Ali (PAK),,5.0,5.0,,191,,14.69,,20.53,,,,,,267.0,44.3,2.0,13.0,3/19,4.29,0.0,0.0,,,,,,0.0,England 2017
most_wickets_series,Most Wickets (single series/edition),2,JE Taylor (WI),,7.0,7.0,,287,,22.07,,26.3,,,,,,342.0,57.0,3.0,13.0,4/49,5.03,1.0,0.0,,,,,,0.0,India 2006/07
most_wickets_series,Most Wickets (single series/edition),3,RA Jadeja (IND),,5.0,5.0,,154,,12.83,,20.5,,,,,,246.0,41.0,5.0,12.0,5/36,3.75,0.0,1.0,,,,,,0.0,England 2013
most_wickets_series,Most Wickets (single series/edition),4,MF Maharoof (SL),,6.0,6.0,,190,,15.83,,18.0,,,,,,216.0,36.0,2.0,12.0,6/14,5.27,0.0,1.0,,,,,,0.0,India 2006/07
most_wickets_series,Most Wickets (single series/edition),5,MJ McClenaghan (NZ),,3.0,3.0,,144,,13.09,,13.0,,,,,,143.0,23.5,0.0,11.0,4/43,6.04,2.0,0.0,,,,,,0.0,England 2013
most_wickets_series,Most Wickets (single series/edition),6,JM Anderson (ENG),,5.0,5.0,,151,,13.72,,20.18,,,,,,222.0,37.0,1.0,11.0,3/30,4.08,0.0,0.0,,,,,,0.0,England 2013
most_wickets_series,Most Wickets (single series/edition),7,WD Parnell (SA),,3.0,3.0,,196,,17.81,,15.27,,,,,,168.0,28.0,2.0,11.0,5/57,7.0,0.0,1.0,,,,,,0.0,South Africa 2009/10
most_wickets_series,Most Wickets (single series/edition),8,SL Malinga (SL),,6.0,6.0,,210,,19.09,,27.54,,,,,,303.0,50.3,3.0,11.0,4/53,4.15,1.0,0.0,,,,,,0.0,India 2006/07
most_wickets_series,Most Wickets (single series/edition),9,M Muralidaran (SL),,5.0,3.0,,70,,7.0,,15.1,,,,,,151.0,25.1,2.0,10.0,4/15,2.78,1.0,0.0,,,,,,0.0,Sri Lanka 2002/03
most_wickets_series,Most Wickets (single series/edition),10,KD Mills (NZ),,4.0,4.0,,118,,11.8,,17.1,,,,,,171.0,28.3,2.0,10.0,4/38,4.14,1.0,0.0,,,,,,0.0,India 2006/07
most_wickets_series,Most Wickets (single series/edition),11,SCJ Broad (ENG),,3.0,3.0,,155,,15.5,,16.9,,,,,,169.0,28.1,1.0,10.0,4/39,5.5,1.0,0.0,,,,,,0.0,South Africa 2009/10
most_wickets_series,Most Wickets (single series/edition),12,GD McGrath (AUS),,5.0,5.0,,158,,15.8,,26.4,,,,,,264.0,44.0,7.0,10.0,3/22,3.59,0.0,0.0,,,,,,0.0,India 2006/07
most_wickets_series,Most Wickets (single series/edition),13,MJ Henry (NZ),,4.0,4.0,,167,,16.7,,18.8,,,,,,188.0,31.2,1.0,10.0,5/42,5.32,0.0,1.0,,,,,,0.0,Pakistan/UAE 2024/25
most_wickets_series,Most Wickets (single series/edition),14,NW Bracken (AUS),,5.0,5.0,,194,,19.4,,24.6,,,,,,246.0,41.0,4.0,10.0,3/22,4.73,0.0,0.0,,,,,,0.0,India 2006/07
most_wickets_series,Most Wickets (single series/edition),15,I Sharma (IND),,5.0,5.0,,218,,21.8,,22.8,,,,,,228.0,38.0,2.0,10.0,3/33,5.73,0.0,0.0,,,,,,0.0,England 2013
most_wickets_series,Most Wickets (single series/edition),16,A Flintoff (ENG),,4.0,4.0,,126,,14.0,,20.66,,,,,,186.0,31.0,1.0,9.0,3/11,4.06,0.0,0.0,,,,,,0.0,England 2004
most_wickets_series,Most Wickets (single series/edition),17,CV Varun (IND),,3.0,3.0,,136,,15.11,,20.0,,,,,,180.0,30.0,0.0,9.0,5/42,4.53,0.0,1.0,,,,,,0.0,Pakistan/UAE 2024/25
most_wickets_series,Most Wickets (single series/edition),18,JR Hazlewood (AUS),,3.0,3.0,,142,,15.77,,18.66,,,,,,168.0,28.0,0.0,9.0,6/52,5.07,0.0,1.0,,,,,,0.0,England 2017
most_wickets_series,Most Wickets (single series/edition),19,WPUJC Vaas (SL),,5.0,5.0,,170,,18.88,,30.66,,,,,,276.0,46.0,8.0,9.0,2/6,3.69,0.0,0.0,,,,,,0.0,India 2006/07
