player,team,span,mat,inns,overs,mdns,runs,wkts,bbi,bbm,avg,econ,sr,five,ten,cycle
NM Lyon,AUS,2021-2023,20,34,889.2,194,2299,88,8/64,11/99,26.12,2.58,60.6,5,1,2021-2023
K Rabada,SA,2021-2023,13,22,388.4,65,1411,67,6/50,8/89,21.05,3.63,34.8,3,0,2021-2023
R Ashwin,IND,2021-2023,13,26,483.5,112,1200,61,6/91,8/42,19.67,2.48,47.5,2,0,2021-2023
JM Anderson,ENG,2021-2022,15,28,519.2,153,1182,58,5/60,6/62,20.37,2.27,53.7,2,0,2021-2023
PJ Cummins,AUS,2021-2023,16,27,451.4,108,1263,57,5/38,8/79,22.15,2.79,47.5,3,0,2021-2023
MA Starc,AUS,2021-2023,17,32,483.0,98,1539,55,4/33,6/80,27.98,3.18,52.6,0,0,2021-2023
OE Robinson,ENG,2021-2022,13,25,408.0,108,1100,53,5/49,7/81,20.75,2.69,46.1,3,0,2021-2023
TG Southee,NZ,2021-2023,13,26,548.1,133,1606,50,5/35,8/144,32.12,2.92,65.7,3,0,2021-2023
MJ Leach,ENG,2021-2022,16,25,637.0,161,1909,48,5/66,10/166,39.77,2.99,79.6,2,1,2021-2023
RA Jadeja,IND,2021-2023,13,25,455.5,103,1113,47,7/42,10/110,23.68,2.44,58.1,3,1,2021-2023
JJ Bumrah,IND,2021-2022,10,19,328.5,82,888,45,5/24,9/110,19.73,2.7,43.8,3,0,2021-2023
Mohammed Shami,IND,2021-2023,13,25,382.3,78,1273,45,5/44,8/107,28.28,3.32,51.0,1,0,2021-2023
M Jansen,SA,2021-2023,11,18,295.5,54,985,44,5/35,7/91,22.38,3.32,40.3,1,0,2021-2023
SCJ Broad,ENG,2021-2022,11,21,378.1,73,1218,43,5/101,7/86,28.32,3.22,52.7,1,0,2021-2023
Shaheen Shah Afridi,PAK,2021-2022,8,15,259.4,69,746,41,6/51,10/94,18.19,2.87,38.0,2,1,2021-2023
AS Joseph,WI,2021-2023,10,20,316.5,40,1152,41,5/81,7/111,28.09,3.63,46.3,1,0,2021-2023
RTM Mendis,SL,2021-2022,8,15,355.1,50,1021,38,6/70,11/136,26.86,2.87,56.0,3,1,2021-2023
KAJ Roach,WI,2021-2023,11,22,332.1,72,1017,37,5/47,7/74,27.48,3.06,53.8,2,0,2021-2023
Mohammed Siraj,IND,2021-2023,14,25,335.5,56,1207,36,4/32,8/126,33.52,3.59,55.9,0,0,2021-2023
SM Boland,AUS,2021-2023,8,15,208.1,60,481,33,6/7,7/55,14.57,2.31,37.8,1,0,2021-2023
NGRP Jayasuriya,SL,2022-2023,5,9,266.2,43,815,33,6/59,12/177,24.69,3.06,48.4,4,1,2021-2023
Mehidy Hasan Miraz,BAN,2021-2022,10,17,406.0,79,1194,33,5/63,6/124,36.18,2.94,73.8,1,0,2021-2023
JNT Seales,WI,2021-2022,8,16,214.0,40,744,32,5/55,8/125,23.25,3.47,40.1,1,0,2021-2023
Taijul Islam,BAN,2021-2022,7,13,400.2,82,1101,32,7/116,9/202,34.4,2.75,75.0,2,0,2021-2023
MA Wood,ENG,2021-2022,8,14,240.1,33,803,31,6/37,9/152,25.9,3.34,46.4,1,0,2021-2023
BA Stokes,ENG,2021-2022,18,24,328.0,53,1060,30,4/33,5/80,35.33,3.23,65.6,0,0,2021-2023
MJ Henry,NZ,2022-2023,6,12,279.0,73,802,29,7/23,9/55,27.65,2.87,57.7,1,0,2021-2023
KA Maharaj,SA,2021-2023,13,18,290.1,53,888,29,7/32,9/97,30.62,3.06,60.0,2,0,2021-2023
Abrar Ahmed,PAK,2022-2023,4,8,238.3,28,942,28,7/114,11/234,33.64,3.94,51.1,2,1,2021-2023
KA Jamieson,NZ,2021-2022,8,15,239.4,62,749,26,4/79,6/99,28.8,3.12,55.3,0,0,2021-2023
TA Boult,NZ,2022-2022,5,10,191.0,45,637,25,5/43,8/200,25.48,3.33,45.8,2,0,2021-2023
C Green,AUS,2021-2023,17,26,233.2,45,728,25,5/27,5/27,29.12,3.12,56.0,1,0,2021-2023
KR Mayers,WI,2021-2023,10,16,167.0,46,427,24,5/18,7/31,17.79,2.55,41.7,1,0,2021-2023
Ebadot Hossain,BAN,2021-2022,10,17,313.5,58,1088,24,6/46,7/121,45.33,3.46,78.4,1,0,2021-2023
A Nortje,SA,2022-2023,7,11,145.5,17,549,23,5/36,6/84,23.86,3.76,38.0,1,0,2021-2023
AR Patel,IND,2021-2023,9,17,248.4,65,572,23,5/62,6/85,24.86,2.3,64.8,1,0,2021-2023
AM Fernando,SL,2022-2023,6,9,178.5,31,593,23,6/51,10/144,25.78,3.31,46.6,1,1,2021-2023
SN Thakur,IND,2021-2023,7,14,170.5,23,600,22,7/61,8/108,27.27,3.51,46.5,1,0,2021-2023
Naseem Shah,PAK,2022-2023,6,11,185.4,32,669,22,4/58,5/81,30.4,3.6,50.6,0,0,2021-2023
AY Patel,NZ,2021-2023,5,9,206.0,36,718,22,10/119,14/225,32.63,3.48,56.1,1,1,2021-2023
UT Yadav,IND,2021-2023,9,18,226.2,32,742,22,4/25,6/136,33.72,3.27,61.7,0,0,2021-2023
L Embuldeniya,SL,2021-2022,6,9,269.0,57,788,22,5/35,7/129,35.81,2.92,73.3,2,0,2021-2023
Hasan Ali,PAK,2021-2023,9,17,248.3,52,746,21,5/51,7/103,35.52,3.0,71.0,1,0,2021-2023
Khaled Ahmed,BAN,2021-2022,9,16,248.0,32,843,21,5/106,5/86,40.14,3.39,70.8,1,0,2021-2023
JO Holder,WI,2021-2023,11,22,322.4,82,844,21,3/26,4/62,40.19,2.61,92.1,0,0,2021-2023
Nauman Ali,PAK,2021-2022,9,16,344.1,50,1059,21,6/107,6/107,50.42,3.07,98.3,1,0,2021-2023
MJ Potts,ENG,2022-2022,5,9,182.5,41,560,20,4/13,7/68,28.0,3.06,54.8,0,0,2021-2023
Sajid Khan,PAK,2021-2022,5,9,244.0,42,717,20,8/42,12/128,35.85,2.93,73.2,1,1,2021-2023
