player,span,mat,inns,no,runs,hs,bf,100,50,0,4s,6s,team,avg,cycle
SD Hope,2019-2021,6,12,0,203,43,541,0,0,0,24,0,WI,16.92,2019-2021
UT Khawaja,2019-2019,3,6,0,122,40,188,0,0,0,17,0,AUS,20.33,2019-2021
A Nortje,2019-2021,12,21,4,115,40,481,0,0,5,15,0,SA,6.76,2019-2021
JC Archer,2019-2021,11,17,0,113,23,241,0,0,3,16,0,ENG,6.65,2019-2021
JJ Roy,2019-2019,4,8,0,110,31,229,0,0,1,16,0,ENG,13.75,2019-2021
MS Harris,2019-2021,4,8,0,101,38,226,0,0,0,17,0,AUS,12.62,2019-2021
KL Rahul,2019-2019,2,4,0,101,44,271,0,0,0,12,0,INDIA,25.25,2019-2021
S Muthusamy,2019-2019,2,4,2,98,49*,278,0,0,0,10,0,SA,49.0,2019-2021
Taijul Islam,2019-2021,7,12,1,97,24,358,0,0,1,9,0,BDESH,8.82,2019-2021
Mahmudullah,2019-2020,3,6,1,95,39*,176,0,0,1,15,0,BDESH,19.0,2019-2021
WP Saha,2019-2020,6,6,1,87,24,151,0,0,0,12,0,INDIA,17.4,2019-2021
PM Siddle,2019-2019,3,4,1,84,44,173,0,0,0,9,0,AUS,28.0,2019-2021
JA Raval,2019-2020,4,7,0,82,33,215,0,0,1,8,0,NZ,11.71,2019-2021
BT Foakes,2021-2021,3,6,1,78,42*,260,0,0,0,5,0,ENG,15.6,2019-2021
SO Hetmyer,2019-2019,2,4,0,71,35,121,0,0,0,10,0,WI,17.75,2019-2021
Zafar Gohar,2021-2021,1,2,0,71,37,126,0,0,0,13,0,PAK,35.5,2019-2021
Shaheen Shah Afridi,2019-2021,12,17,2,62,10,235,0,0,5,9,0,PAK,4.13,2019-2021
Shadab Khan,2020-2020,1,2,0,60,45,98,0,0,0,5,0,PAK,30.0,2019-2021
JM Anderson,2019-2021,12,16,8,59,11,143,0,0,2,7,0,ENG,7.38,2019-2021
Nayeem Hasan,2019-2021,3,5,1,58,24,98,0,0,1,9,0,BDESH,14.5,2019-2021
JR Hazlewood,2019-2021,11,13,7,57,11,100,0,0,1,9,0,AUS,9.5,2019-2021
RTM Mendis,2021-2021,2,4,0,57,33,107,0,0,1,6,0,SL,14.25,2019-2021
WER Somerville,2019-2020,3,4,2,56,40*,161,0,0,1,4,0,NZ,28.0,2019-2021
WA Young,2020-2020,2,2,0,48,43,98,0,0,0,5,0,NZ,24.0,2019-2021
CT Bancroft,2019-2019,2,4,0,44,16,162,0,0,0,6,0,AUS,11.0,2019-2021
Iftikhar Ahmed,2019-2019,2,4,0,44,27,118,0,0,1,3,0,PAK,11.0,2019-2021
KD Petersen,2021-2021,2,3,0,44,19,89,0,0,0,4,0,SA,14.67,2019-2021
D Paterson,2020-2020,2,4,3,43,39*,49,0,0,0,7,0,SA,43.0,2019-2021
TD Astle,2020-2020,1,2,1,42,25*,81,0,0,0,6,0,NZ,42.0,2019-2021
MR Marsh,2019-2019,1,2,0,41,24,111,0,0,0,6,0,AUS,20.5,2019-2021
K Verreynne,2021-2021,2,3,0,39,27,116,0,0,0,3,0,SA,13.0,2019-2021
Imran Butt,2021-2021,2,4,0,36,15,104,0,0,1,7,0,PAK,9.0,2019-2021
Hasan Ali,2021-2021,2,3,0,34,21,80,0,0,0,3,0,PAK,11.33,2019-2021
L Ngidi,2019-2021,6,9,4,34,14*,88,0,0,2,6,0,SA,6.8,2019-2021
PVD Chameera,2021-2021,3,5,0,32,22,81,0,0,1,4,0,SL,6.4,2019-2021
JJ Bumrah,2019-2021,10,15,5,29,10*,94,0,0,6,4,0,INDIA,2.9,2019-2021
S Moseley,2021-2021,2,4,0,28,12,105,0,0,0,3,0,WI,7.0,2019-2021
Naseem Shah,2019-2021,9,12,5,28,12,88,0,0,2,5,0,PAK,4.0,2019-2021
C Overton,2019-2019,1,2,0,26,21,120,0,0,0,2,0,ENG,13.0,2019-2021
Al-Amin Hossain,2019-2019,1,2,1,22,21,24,0,0,0,5,0,BDESH,22.0,2019-2021
ST Gabriel,2019-2021,12,20,11,21,8,97,0,0,5,3,0,WI,2.33,2019-2021
CK Holder,2020-2020,1,2,2,21,13*,37,0,0,0,3,0,WI,,2019-2021
Imrul Kayes,2019-2019,2,4,0,21,6,61,0,0,0,2,0,BDESH,5.25,2019-2021
AY Patel,2019-2020,3,3,1,18,14,44,0,0,1,2,0,NZ,9.0,2019-2021
Abu Jayed,2019-2021,6,10,5,17,7*,73,0,0,3,1,0,BDESH,3.4,2019-2021
Muhammad Musa,2019-2019,1,2,2,16,12*,17,0,0,0,3,0,PAK,,2019-2021
Soumya Sarkar,2021-2021,1,2,0,13,13,38,0,0,1,1,0,BDESH,6.5,2019-2021
Taskin Ahmed,2021-2021,2,3,1,13,7,53,0,0,1,1,0,BDESH,6.5,2019-2021
CAK Rajitha,2019-2020,2,2,0,12,12,76,0,0,1,2,0,SL,6.0,2019-2021
H Klaasen,2019-2019,1,2,0,11,6,34,0,0,0,1,0,SA,5.5,2019-2021
Imran Khan,2019-2019,1,2,1,10,5*,23,0,0,0,2,0,PAK,10.0,2019-2021
JNT Seales,2021-2021,2,4,1,10,7,37,0,0,1,1,0,WI,3.33,2019-2021
MVT Fernando,2019-2021,8,10,6,9,5*,81,0,0,4,0,0,SL,2.25,2019-2021
BE Hendricks,2020-2020,1,2,1,9,5*,18,0,0,0,1,0,SA,9.0,2019-2021
NA Saini,2021-2021,2,3,1,8,5,27,0,0,0,1,0,INDIA,4.0,2019-2021
JA Warrican,2021-2021,2,3,0,8,4,31,0,0,0,1,0,WI,2.67,2019-2021
M Bhanuka,2021-2021,1,2,0,6,5,17,0,0,0,1,0,SL,3.0,2019-2021
Rubel Hossain,2020-2020,1,2,0,6,5,35,0,0,0,1,0,BDESH,3.0,2019-2021
JN Hamilton,2019-2019,1,2,0,5,5,61,0,0,1,0,0,WI,2.5,2019-2021
CBRLS Kumara,2019-2021,6,7,5,5,5*,38,0,0,2,0,0,SL,2.5,2019-2021
L Sipamla,2020-2021,2,2,0,5,5,20,0,0,1,1,0,SA,2.5,2019-2021
Ebadat Hossain,2019-2021,4,6,2,4,2,28,0,0,1,0,0,BDESH,1.0,2019-2021
AM Fernando,2021-2021,3,6,3,4,4,32,0,0,2,1,0,SL,1.33,2019-2021
MJ Henry,2020-2021,2,1,0,3,3,15,0,0,0,0,0,NZ,3.0,2019-2021
P Jayawickrama,2021-2021,1,1,1,3,3*,5,0,0,0,0,0,SL,,2019-2021
Kuldeep Yadav,2021-2021,1,2,0,3,3,24,0,0,1,0,0,INDIA,1.5,2019-2021
Mustafizur Rahman,2021-2021,1,1,1,3,3*,11,0,0,0,0,0,BDESH,,2019-2021
Imam-ul-Haq,2019-2019,1,2,0,2,2,25,0,0,1,0,0,PAK,1.0,2019-2021
LH Ferguson,2019-2019,1,2,2,1,1*,9,0,0,0,0,0,NZ,,2019-2021
S Nadeem,2019-2021,2,3,1,1,1*,30,0,0,2,0,0,INDIA,0.5,2019-2021
T Natarajan,2021-2021,1,1,1,1,1*,9,0,0,0,0,0,INDIA,,2019-2021
OP Stone,2021-2021,1,2,0,1,1,9,0,0,1,0,0,ENG,0.5,2019-2021
A Dananjaya,2019-2019,1,1,0,0,0,8,0,0,1,0,0,SL,0.0,2019-2021
Shoriful Islam,2021-2021,1,2,1,0,0*,10,0,0,1,0,0,BDESH,0.0,2019-2021
Usman Shinwari,2019-2019,1,0,0,0,-,0,0,0,0,0,0,PAK,,2019-2021
VD Philander,2019-2020,6,12,2,241,46,657,0,0,2,30,2,SA,24.1,2019-2021
DM Bess,2020-2021,12,16,5,208,34,495,0,0,3,23,2,ENG,18.91,2019-2021
SM Curran,2019-2021,9,12,0,192,44,264,0,0,2,26,4,ENG,16.0,2019-2021
K Rabada,2019-2021,10,19,4,186,40,299,0,0,4,29,5,SA,12.4,2019-2021
PJ Cummins,2019-2021,14,20,3,180,28*,568,0,0,5,18,1,AUS,10.59,2019-2021
NM Lyon,2019-2021,14,18,5,178,26*,275,0,0,1,24,3,AUS,13.69,2019-2021
TG Southee,2019-2021,11,13,2,143,30,236,0,0,2,10,6,NZ,13.0,2019-2021
GF Linde,2019-2021,3,6,0,135,37,255,0,0,0,19,2,SA,22.5,2019-2021
KAJ Roach,2019-2021,11,19,5,133,38,330,0,0,4,13,8,WI,9.5,2019-2021
PWA Mulder,2020-2021,5,7,0,129,36,306,0,0,1,16,2,SA,18.43,2019-2021
RAS Lakmal,2019-2021,7,10,2,126,40,284,0,0,1,9,5,SL,15.75,2019-2021
TA Boult,2019-2021,10,8,3,112,38,114,0,0,0,9,5,NZ,22.4,2019-2021
MJ Leach,2019-2021,10,17,5,107,21,399,0,0,1,14,1,ENG,8.92,2019-2021
MA Wood,2020-2021,5,7,1,105,42,114,0,0,0,7,8,ENG,17.5,2019-2021
L Embuldeniya,2019-2021,7,12,1,88,40,199,0,0,4,10,3,SL,8.0,2019-2021
JL Pattinson,2019-2020,4,6,2,85,47*,137,0,0,1,6,4,AUS,21.25,2019-2021
D Pretorius,2019-2020,3,6,0,83,37,163,0,0,1,13,1,SA,13.83,2019-2021
TB de Bruyn,2019-2019,3,5,0,82,30,175,0,0,0,15,1,SA,16.4,2019-2021
Mohammed Shami,2019-2021,11,12,5,82,21,81,0,0,3,9,4,INDIA,11.71,2019-2021
MJ Santner,2019-2020,4,8,1,82,27,230,0,0,1,9,1,NZ,11.71,2019-2021
DM Bravo,2019-2020,4,8,1,79,23*,173,0,0,0,11,1,WI,11.29,2019-2021
Nauman Ali,2021-2021,2,3,0,77,45,163,0,0,0,10,2,PAK,25.67,2019-2021
Saif Hassan,2020-2021,3,6,0,76,34,149,0,0,2,13,2,BDESH,12.67,2019-2021
UT Yadav,2019-2020,7,8,2,76,31,76,0,0,2,4,8,INDIA,12.67,2019-2021
AR Patel,2021-2021,3,4,0,55,43,131,0,0,1,7,1,INDIA,13.75,2019-2021
MM Ali,2019-2021,2,4,0,53,43,81,0,0,1,4,5,ENG,13.25,2019-2021
Mohammad Abbas,2019-2021,9,12,3,46,29,273,0,0,2,5,1,PAK,5.11,2019-2021
Mohammed Siraj,2020-2021,5,6,2,39,16*,48,0,0,1,4,2,INDIA,9.75,2019-2021
ML Cummins,2019-2019,1,2,1,19,19*,67,0,0,1,2,1,WI,19.0,2019-2021
CA Pujara,2019-2021,18,30,0,841,81,2356,0,9,3,102,3,INDIA,28.03,2019-2021
N Dickwella,2019-2021,12,20,1,753,96,1273,0,6,1,80,1,SL,39.63,2019-2021
HE van der Dussen,2019-2021,10,17,1,610,98,1413,0,6,2,74,4,SA,38.12,2019-2021
JL Denly,2019-2020,10,19,0,569,94,1462,0,4,0,79,3,ENG,29.95,2019-2021
TD Paine,2019-2021,14,22,3,550,79,1077,0,4,2,65,1,AUS,28.95,2019-2021
LRPL Taylor,2019-2021,12,19,3,527,86,981,0,3,0,62,2,NZ,32.94,2019-2021
RA Jadeja,2019-2021,11,15,5,500,91,930,0,5,0,42,10,INDIA,50.0,2019-2021
JO Holder,2019-2021,11,22,4,493,71*,892,0,2,1,67,3,WI,27.39,2019-2021
Mushfiqur Rahim,2019-2021,6,11,1,453,74,888,0,4,1,56,1,BDESH,45.3,2019-2021
Tamim Iqbal,2020-2021,5,10,1,420,92,553,0,4,1,63,5,BDESH,46.67,2019-2021
Liton Das,2019-2021,7,12,1,417,71,673,0,3,0,52,2,BDESH,37.91,2019-2021
Shubman Gill,2020-2021,8,15,2,414,91,741,0,3,2,54,5,INDIA,31.85,2019-2021
JM Bairstow,2019-2021,10,20,2,391,52,804,0,1,3,44,3,ENG,21.72,2019-2021
JD Campbell,2019-2021,11,22,1,390,68,855,0,1,1,46,2,WI,18.57,2019-2021
T Bavuma,2019-2021,8,14,1,381,71,816,0,2,2,43,1,SA,29.31,2019-2021
LD Chandimal,2019-2021,7,13,1,359,85,812,0,3,0,42,1,SL,29.92,2019-2021
Faheem Ashraf,2020-2021,4,7,1,357,91,608,0,3,0,56,1,PAK,59.5,2019-2021
Asad Shafiq,2019-2020,8,11,0,337,76,666,0,4,1,34,0,PAK,30.64,2019-2021
RL Chase,2019-2021,9,17,0,320,62,806,0,2,3,35,2,WI,18.82,2019-2021
JA Burns,2019-2020,7,12,1,319,97,683,0,3,2,33,4,AUS,29.0,2019-2021
J Da Silva,2020-2021,7,13,1,317,92,819,0,2,2,33,1,WI,26.42,2019-2021
C de Grandhomme,2019-2021,7,10,0,313,83,448,0,2,0,30,7,NZ,31.3,2019-2021
SSJ Brooks,2019-2020,7,14,0,311,68,738,0,3,2,39,3,WI,22.21,2019-2021
CR Woakes,2019-2020,10,14,2,296,84*,528,0,1,2,35,2,ENG,24.67,2019-2021
KA Maharaj,2019-2021,11,19,0,293,73,628,0,3,5,34,5,SA,15.42,2019-2021
AS Joseph,2020-2021,7,11,0,289,86,389,0,2,3,30,12,WI,26.27,2019-2021
MDKJ Perera,2019-2021,6,12,0,267,64,396,0,3,2,38,1,SL,22.25,2019-2021
SCJ Broad,2019-2021,17,25,11,266,62,368,0,1,3,26,10,ENG,19.0,2019-2021
Washington Sundar,2021-2021,4,6,2,265,96*,502,0,3,2,31,5,INDIA,66.25,2019-2021
DW Lawrence,2021-2021,5,10,1,248,73,558,0,2,1,23,2,ENG,27.56,2019-2021
KA Jamieson,2020-2021,7,7,2,247,51*,336,0,1,0,19,10,NZ,49.4,2019-2021
C Green,2020-2021,4,7,0,236,84,580,0,1,1,23,4,AUS,33.71,2019-2021
MA Starc,2019-2021,10,13,4,219,54*,307,0,1,0,19,6,AUS,24.33,2019-2021
PWH de Silva,2020-2021,4,7,0,196,59,227,0,1,0,29,1,SL,28.0,2019-2021
RRS Cornwall,2019-2021,7,12,2,181,73,272,0,2,1,24,3,WI,18.1,2019-2021
MDK Perera,2019-2021,5,9,1,177,67,415,0,1,2,23,2,SL,22.12,2019-2021
BKG Mendis,2019-2021,7,13,0,165,53,399,0,1,5,20,2,SL,12.69,2019-2021
PJ Malan,2020-2020,3,6,0,156,84,530,0,1,0,11,0,SA,26.0,2019-2021
Zubayr Hamza,2019-2020,4,8,0,140,62,270,0,1,1,20,1,SA,17.5,2019-2021
N Wagner,2019-2021,8,10,4,138,66*,159,0,1,3,16,6,NZ,23.0,2019-2021
SO Dowrich,2020-2020,4,6,0,126,61,236,0,1,2,15,0,WI,21.0,2019-2021
Mohammad Mithun,2019-2021,4,8,0,125,63,326,0,1,2,14,2,BDESH,15.62,2019-2021
I Sharma,2019-2021,12,13,3,124,57,284,0,1,3,13,1,INDIA,12.4,2019-2021
Haris Sohail,2019-2021,6,8,0,121,75,273,0,1,0,10,3,PAK,15.12,2019-2021
MD Shanaka,2020-2021,3,6,1,111,66*,216,0,1,0,7,5,SL,22.2,2019-2021
Shadman Islam,2019-2021,3,6,0,105,59,301,0,1,1,12,0,BDESH,17.5,2019-2021
PP Shaw,2020-2020,3,6,0,102,54,142,0,1,1,14,1,INDIA,17.0,2019-2021
DL Piedt,2019-2019,2,4,0,83,56,198,0,1,1,11,2,SA,20.75,2019-2021
DP Conway,2021-2021,1,2,0,73,54,200,0,1,0,10,0,NZ,36.5,2019-2021
WJ Pucovski,2021-2021,1,2,0,72,62,126,0,1,0,6,0,AUS,36.0,2019-2021
KOA Powell,2021-2021,2,3,0,70,51,155,0,1,0,13,0,WI,23.33,2019-2021
SN Thakur,2021-2021,1,2,0,69,67,118,0,1,0,9,2,INDIA,34.5,2019-2021
Shakib Al Hasan,2021-2021,1,1,0,68,68,150,0,1,0,5,0,BDESH,68.0,2019-2021
GD Phillips,2020-2020,1,2,0,52,52,119,0,1,1,6,1,NZ,26.0,2019-2021
M Labuschagne,2019-2021,13,23,0,1675,215,2999,5,9,0,186,3,AUS,72.83,2019-2021
JE Root,2019-2021,20,37,2,1660,228,3037,3,8,3,168,5,ENG,47.43,2019-2021
SPD Smith,2019-2021,13,22,1,1341,211,2509,4,7,1,151,7,AUS,63.86,2019-2021
BA Stokes,2019-2021,17,32,3,1334,176,2308,4,6,1,142,31,ENG,46.0,2019-2021
AM Rahane,2019-2021,18,30,3,1159,115,2474,3,6,2,131,6,INDIA,42.93,2019-2021
RG Sharma,2019-2021,12,19,1,1094,212,1746,4,2,0,131,27,INDIA,60.78,2019-2021
FDM Karunaratne,2019-2021,10,18,0,999,244,1873,4,4,0,115,2,SL,55.5,2019-2021
JC Buttler,2019-2021,18,31,2,963,152,1821,1,4,1,108,14,ENG,33.21,2019-2021
DA Warner,2019-2021,12,22,2,948,335*,1519,3,1,3,94,1,AUS,47.4,2019-2021
D Elgar,2019-2021,13,24,2,935,160,1717,2,4,3,137,4,SA,42.5,2019-2021
V Kohli,2019-2021,15,24,2,934,254*,1724,2,5,4,109,3,INDIA,42.45,2019-2021
Babar Azam,2019-2021,10,17,3,932,143,1453,4,5,0,114,3,PAK,66.57,2019-2021
KS Williamson,2019-2021,10,16,1,918,251,1698,3,2,2,114,3,NZ,61.2,2019-2021
MA Agarwal,2019-2021,12,20,0,857,243,1556,3,2,1,104,18,INDIA,42.85,2019-2021
Q de Kock,2019-2021,13,23,1,847,141*,1281,2,5,3,107,13,SA,38.5,2019-2021
DP Sibley,2019-2021,16,28,2,844,133*,2337,2,4,4,95,1,ENG,32.46,2019-2021
RJ Burns,2019-2021,14,25,0,795,133,1754,1,5,4,95,0,ENG,31.8,2019-2021
Azhar Ali,2019-2021,12,21,2,748,141*,1687,2,2,3,89,0,PAK,39.37,2019-2021
Mohammad Rizwan,2019-2021,12,18,2,741,115*,1418,1,6,1,89,1,PAK,46.31,2019-2021
HDRL Thirimanne,2019-2021,9,17,0,735,140,1757,2,5,1,74,0,SL,43.24,2019-2021
MS Wade,2019-2021,14,25,2,727,117,1354,2,1,2,89,4,AUS,31.61,2019-2021
TWM Latham,2019-2021,12,20,1,719,154,1601,1,5,1,74,2,NZ,37.84,2019-2021
J Blackwood,2019-2021,12,23,0,709,104,1322,1,4,1,82,6,WI,30.83,2019-2021
RR Pant,2019-2021,12,20,2,707,101,1067,1,4,0,80,16,INDIA,39.28,2019-2021
Z Crawley,2020-2021,11,19,0,682,267,1241,1,4,2,90,1,ENG,35.89,2019-2021
KC Brathwaite,2019-2021,13,26,0,673,126,1699,1,4,2,64,0,WI,25.88,2019-2021
DM de Silva,2019-2021,9,14,3,653,166,1132,3,2,1,85,5,SL,59.36,2019-2021
OJ Pope,2020-2021,13,22,3,634,135*,1186,1,4,0,72,2,ENG,33.37,2019-2021
HM Nicholls,2019-2021,11,16,1,592,174,1191,2,1,1,60,3,NZ,39.47,2019-2021
Shan Masood,2019-2021,10,17,0,585,156,1234,3,1,5,55,6,PAK,34.41,2019-2021
Abid Ali,2019-2021,10,17,1,569,174,1275,2,1,2,66,2,PAK,35.56,2019-2021
F du Plessis,2019-2021,11,20,0,555,199,1152,1,2,0,78,4,SA,27.75,2019-2021
Mominul Haque,2019-2021,7,14,1,534,127,1193,2,0,2,58,0,BDESH,41.08,2019-2021
KR Mayers,2021-2021,6,12,1,521,210*,832,1,2,0,64,9,WI,47.36,2019-2021
TM Head,2019-2020,11,17,1,490,114,1023,1,2,1,62,0,AUS,30.62,2019-2021
AK Markram,2019-2021,9,16,1,466,108,954,1,3,3,67,4,SA,31.07,2019-2021
GH Vihari,2019-2021,8,14,2,457,111,1008,1,3,0,64,1,INDIA,38.08,2019-2021
BOP Fernando,2019-2021,7,12,1,430,102,922,1,3,1,51,1,SL,39.09,2019-2021
BJ Watling,2019-2021,11,16,1,418,105*,1023,1,2,1,42,0,NZ,27.87,2019-2021
AD Mathews,2019-2021,8,14,1,405,110,988,1,2,0,37,3,SL,31.15,2019-2021
TA Blundell,2019-2021,8,13,1,402,121,892,1,2,0,51,1,NZ,33.5,2019-2021
NE Bonner,2021-2021,5,8,1,385,113*,1008,1,2,1,41,2,WI,55.0,2019-2021
Yasir Shah,2019-2021,10,15,1,335,113,621,1,0,2,40,2,PAK,23.93,2019-2021
R Ashwin,2019-2021,14,18,2,324,106,686,1,0,2,41,2,INDIA,20.25,2019-2021
Fawad Alam,2020-2021,6,11,2,320,109,887,2,0,1,34,2,PAK,35.56,2019-2021
Mehidy Hasan Miraz,2019-2021,6,11,0,317,103,600,1,1,1,36,4,BDESH,28.82,2019-2021
Najmul Hossain Shanto,2020-2021,5,10,0,311,163,724,1,0,3,36,2,BDESH,31.1,2019-2021
P Nissanka,2021-2021,4,6,0,229,103,533,1,1,0,18,0,SL,38.17,2019-2021
DJ Mitchell,2020-2021,3,3,1,153,102*,217,1,0,0,14,2,NZ,76.5,2019-2021
