Match_No,Scorecard,Match_Date,Ground,Match,Winner,Margin,Match Days,Country,Opposition,Ground_full_Name
1,"Test # 2353",2019-08-01 00:00:00.000,"Birmingham","England v Australia","Australia","251 runs","Aug 1-5, 2019","England","Australia","Edgbaston, Birmingham - England"
2,"Test # 2354",2019-08-14 00:00:00.000,"Galle","Sri Lanka v New Zealand","Sri Lanka","6 wickets","Aug 14-18, 2019","Sri Lanka","New Zealand","Galle International Stadium - Sri Lanka"
3,"Test # 2355",2019-08-14 00:00:00.000,"Lord's","England v Australia","drawn","No Result","Aug 14-18, 2019","England","Australia","Lord's, London - England"
4,"Test # 2356",2019-08-22 00:00:00.000,"Colombo (PSS)","Sri Lanka v New Zealand","New Zealand","inns & 65 runs","Aug 22-26, 2019","Sri Lanka","New Zealand","P Sara Oval, Colombo - Sri Lanka"
5,"Test # 2357",2019-08-22 00:00:00.000,"Leeds","England v Australia","England","1 wicket","Aug 22-25, 2019","England","Australia","Headingley, Leeds - England"
6,"Test # 2358",2019-08-22 00:00:00.000,"North Sound","West Indies v India","India","318 runs","Aug 22-25, 2019","West Indies","India","Sir Vivian Richards Stadium, North Sound, Antigua - West Indies"
7,"Test # 2359",2019-08-30 00:00:00.000,"Kingston","West Indies v India","India","257 runs","Aug 30-Sep 2, 2019","West Indies","India","Sabina Park, Kingston, Jamaica - West Indies"
8,"Test # 2360",2019-09-04 00:00:00.000,"Manchester","England v Australia","Australia","185 runs","Sep 4-8, 2019","England","Australia","Old Trafford, Manchester - England"
9,"Test # 2362",2019-09-12 00:00:00.000,"The Oval","England v Australia","England","135 runs","Sep 12-15, 2019","England","Australia","Kennington Oval, London - England"
10,"Test # 2363",2019-10-02 00:00:00.000,"Visakhapatnam","India v South Africa","India","203 runs","Oct 2-6, 2019","India","South Africa","Dr. Y.S. Rajasekhara Reddy ACA-VDCA Cricket Stadium, Visakhapatnam - India"
11,"Test # 2364",2019-10-10 00:00:00.000,"Pune","India v South Africa","India","inns & 137 runs","Oct 10-13, 2019","India","South Africa","Maharashtra Cricket Association Stadium, Pune - India"
12,"Test # 2365",2019-10-19 00:00:00.000,"Ranchi","India v South Africa","India","inns & 202 runs","Oct 19-22, 2019","India","South Africa","JSCA International Stadium Complex, Ranchi - India"
13,"Test # 2366",2019-11-14 00:00:00.000,"Indore","India v Bangladesh","India","inns & 130 runs","Nov 14-16, 2019","India","Bangladesh","Holkar Cricket Stadium, Indore - India"
14,"Test # 2368",2019-11-21 00:00:00.000,"Brisbane","Australia v Pakistan","Australia","inns & 5 runs","Nov 21-24, 2019","Australia","Pakistan","Brisbane Cricket Ground, Woolloongabba, Brisbane - Australia"
15,"Test # 2369",2019-11-22 00:00:00.000,"Kolkata","India v Bangladesh","India","inns & 46 runs","Nov 22-24, 2019","India","Bangladesh","Eden Gardens, Kolkata - India"
16,"Test # 2372",2019-11-29 00:00:00.000,"Adelaide","Australia v Pakistan","Australia","inns & 48 runs","Nov 29-Dec 2, 2019","Australia","Pakistan","Adelaide Oval - Australia"
17,"Test # 2373",2019-12-11 00:00:00.000,"Rawalpindi","Pakistan v Sri Lanka","drawn","No Result","Dec 11-15, 2019","Pakistan","Sri Lanka","Rawalpindi Cricket Stadium - Pakistan"
18,"Test # 2374",2019-12-12 00:00:00.000,"Perth","Australia v New Zealand","Australia","296 runs","Dec 12-15, 2019","Australia","New Zealand","Perth Stadium - Australia"
19,"Test # 2375",2019-12-19 00:00:00.000,"Karachi","Pakistan v Sri Lanka","Pakistan","263 runs","Dec 19-23, 2019","Pakistan","Sri Lanka","National Stadium, Karachi - Pakistan"
20,"Test # 2376",2019-12-26 00:00:00.000,"Melbourne","Australia v New Zealand","Australia","247 runs","Dec 26-29, 2019","Australia","New Zealand","Melbourne Cricket Ground - Australia"
21,"Test # 2377",2019-12-26 00:00:00.000,"Centurion","South Africa v England","South Africa","107 runs","Dec 26-29, 2019","South Africa","England","SuperSport Park, Centurion - South Africa"
22,"Test # 2378",2020-01-03 00:00:00.000,"Sydney","Australia v New Zealand","Australia","279 runs","Jan 3-6, 2020","Australia","New Zealand","Sydney Cricket Ground - Australia"
23,"Test # 2379",2020-01-03 00:00:00.000,"Cape Town","South Africa v England","England","189 runs","Jan 3-7, 2020","South Africa","England","Newlands, Cape Town - South Africa"
24,"Test # 2380",2020-01-16 00:00:00.000,"Port Elizabeth","South Africa v England","England","inns & 53 runs","Jan 16-20, 2020","South Africa","England","St George's Park, Port Elizabeth - South Africa"
25,"Test # 2382",2020-01-24 00:00:00.000,"Johannesburg","South Africa v England","England","191 runs","Jan 24-27, 2020","South Africa","England","The Wanderers Stadium, Johannesburg - South Africa"
26,"Test # 2384",2020-02-07 00:00:00.000,"Rawalpindi","Pakistan v Bangladesh","Pakistan","inns & 44 runs","Feb 7-10, 2020","Pakistan","Bangladesh","Rawalpindi Cricket Stadium - Pakistan"
27,"Test # 2385",2020-02-21 00:00:00.000,"Wellington","New Zealand v India","New Zealand","10 wickets","Feb 21-24, 2020","New Zealand","India","Basin Reserve, Wellington - New Zealand"
28,"Test # 2387",2020-02-29 00:00:00.000,"Christchurch","New Zealand v India","New Zealand","7 wickets","Feb 29-Mar 2, 2020","New Zealand","India","Hagley Oval, Christchurch - New Zealand"
29,"Test # 2388",2020-07-08 00:00:00.000,"Southampton","England v West Indies","West Indies","4 wickets","Jul 8-12, 2020","England","West Indies","The Rose Bowl, Southampton - England"
30,"Test # 2389",2020-07-16 00:00:00.000,"Manchester","England v West Indies","England","113 runs","Jul 16-20, 2020","England","West Indies","Old Trafford, Manchester - England"
31,"Test # 2390",2020-07-24 00:00:00.000,"Manchester","England v West Indies","England","269 runs","Jul 24-28, 2020","England","West Indies","Old Trafford, Manchester - England"
32,"Test # 2391",2020-08-05 00:00:00.000,"Manchester","England v Pakistan","England","3 wickets","Aug 5-8, 2020","England","Pakistan","Old Trafford, Manchester - England"
33,"Test # 2392",2020-08-13 00:00:00.000,"Southampton","England v Pakistan","drawn","No Result","Aug 13-17, 2020","England","Pakistan","The Rose Bowl, Southampton - England"
34,"Test # 2393",2020-08-21 00:00:00.000,"Southampton","England v Pakistan","drawn","No Result","Aug 21-25, 2020","England","Pakistan","The Rose Bowl, Southampton - England"
35,"Test # 2394",2020-12-03 00:00:00.000,"Hamilton","New Zealand v West Indies","New Zealand","inns & 134 runs","Dec 3-6, 2020","New Zealand","West Indies","Seddon Park, Hamilton - New Zealand"
36,"Test # 2395",2020-12-11 00:00:00.000,"Wellington","New Zealand v West Indies","New Zealand","inns & 12 runs","Dec 11-14, 2020","New Zealand","West Indies","Basin Reserve, Wellington - New Zealand"
37,"Test # 2396",2020-12-17 00:00:00.000,"Adelaide","Australia v India","Australia","8 wickets","Dec 17-19, 2020","Australia","India","Adelaide Oval - Australia"
38,"Test # 2397",2020-12-26 00:00:00.000,"Mount Maunganui","New Zealand v Pakistan","New Zealand","101 runs","Dec 26-30, 2020","New Zealand","Pakistan","Bay Oval, Mount Maunganui - New Zealand"
39,"Test # 2398",2020-12-26 00:00:00.000,"Melbourne","Australia v India","India","8 wickets","Dec 26-29, 2020","Australia","India","Melbourne Cricket Ground - Australia"
40,"Test # 2399",2020-12-26 00:00:00.000,"Centurion","South Africa v Sri Lanka","South Africa","inns & 45 runs","Dec 26-29, 2020","South Africa","Sri Lanka","SuperSport Park, Centurion - South Africa"
41,"Test # 2400",2021-01-03 00:00:00.000,"Christchurch","New Zealand v Pakistan","New Zealand","inns & 176 runs","Jan 3-6, 2021","New Zealand","Pakistan","Hagley Oval, Christchurch - New Zealand"
42,"Test # 2401",2021-01-03 00:00:00.000,"Johannesburg","South Africa v Sri Lanka","South Africa","10 wickets","Jan 3-5, 2021","South Africa","Sri Lanka","The Wanderers Stadium, Johannesburg - South Africa"
43,"Test # 2402",2021-01-07 00:00:00.000,"Sydney","Australia v India","drawn","No Result","Jan 7-11, 2021","Australia","India","Sydney Cricket Ground - Australia"
44,"Test # 2403",2021-01-14 00:00:00.000,"Galle","Sri Lanka v England","England","7 wickets","Jan 14-18, 2021","Sri Lanka","England","Galle International Stadium - Sri Lanka"
45,"Test # 2404",2021-01-15 00:00:00.000,"Brisbane","Australia v India","India","3 wickets","Jan 15-19, 2021","Australia","India","Brisbane Cricket Ground, Woolloongabba, Brisbane - Australia"
46,"Test # 2405",2021-01-22 00:00:00.000,"Galle","Sri Lanka v England","England","6 wickets","Jan 22-25, 2021","Sri Lanka","England","Galle International Stadium - Sri Lanka"
47,"Test # 2406",2021-01-26 00:00:00.000,"Karachi","Pakistan v South Africa","Pakistan","7 wickets","Jan 26-29, 2021","Pakistan","South Africa","National Stadium, Karachi - Pakistan"
48,"Test # 2407",2021-02-03 00:00:00.000,"Chattogram","Bangladesh v West Indies","West Indies","3 wickets","Feb 3-7, 2021","Bangladesh","West Indies","Zahur Ahmed Chowdhury Stadium, Chattogram - Bangladesh"
49,"Test # 2408",2021-02-04 00:00:00.000,"Rawalpindi","Pakistan v South Africa","Pakistan","95 runs","Feb 4-8, 2021","Pakistan","South Africa","Rawalpindi Cricket Stadium - Pakistan"
50,"Test # 2409",2021-02-05 00:00:00.000,"Chennai","India v England","England","227 runs","Feb 5-9, 2021","India","England","MA Chidambaram Stadium, Chepauk, Chennai - India"
51,"Test # 2410",2021-02-11 00:00:00.000,"Dhaka","Bangladesh v West Indies","West Indies","17 runs","Feb 11-14, 2021","Bangladesh","West Indies","Shere Bangla National Stadium, Mirpur, Dhaka - Bangladesh"
52,"Test # 2411",2021-02-13 00:00:00.000,"Chennai","India v England","India","317 runs","Feb 13-16, 2021","India","England","MA Chidambaram Stadium, Chepauk, Chennai - India"
53,"Test # 2412",2021-02-24 00:00:00.000,"Ahmedabad","India v England","India","10 wickets","Feb 24-25, 2021","India","England","Narendra Modi Stadium, Motera, Ahmedabad - India"
54,"Test # 2414",2021-03-04 00:00:00.000,"Ahmedabad","India v England","India","inns & 25 runs","Mar 4-6, 2021","India","England","Narendra Modi Stadium, Motera, Ahmedabad - India"
55,"Test # 2416",2021-03-21 00:00:00.000,"North Sound","West Indies v Sri Lanka","drawn","No Result","Mar 21-25, 2021","West Indies","Sri Lanka","Sir Vivian Richards Stadium, North Sound, Antigua - West Indies"
56,"Test # 2417",2021-03-29 00:00:00.000,"North Sound","West Indies v Sri Lanka","drawn","No Result","Mar 29-Apr 2, 2021","West Indies","Sri Lanka","Sir Vivian Richards Stadium, North Sound, Antigua - West Indies"
57,"Test # 2418",2021-04-21 00:00:00.000,"Pallekele","Sri Lanka v Bangladesh","drawn","No Result","Apr 21-25, 2021","Sri Lanka","Bangladesh","Pallekele International Cricket Stadium - Sri Lanka"
58,"Test # 2419",2021-04-29 00:00:00.000,"Pallekele","Sri Lanka v Bangladesh","Sri Lanka","209 runs","Apr 29-May 3, 2021","Sri Lanka","Bangladesh","Pallekele International Cricket Stadium - Sri Lanka"
59,"Test # 2424",2021-06-10 00:00:00.000,"Gros Islet","West Indies v South Africa","South Africa","inns & 63 runs","Jun 10-12, 2021","West Indies","South Africa","Daren Sammy National Cricket Stadium, Gros Islet, St Lucia - West Indies"
60,"Test # 2425",2021-06-18 00:00:00.000,"Southampton","India v New Zealand","New Zealand","8 wickets","Jun 18-23, 2021","India","New Zealand","The Rose Bowl, Southampton - England"
61,"Test # 2426",2021-06-18 00:00:00.000,"Gros Islet","West Indies v South Africa","South Africa","158 runs","Jun 18-21, 2021","West Indies","South Africa","Daren Sammy National Cricket Stadium, Gros Islet, St Lucia - West Indies"
