Tournament,Year,Group,Team,Player
T20 World Cup,2026,Group A,India,Suryakumar Yadav (c)
T20 World Cup,2026,Group A,India,Abhishek Sharma
T20 World Cup,2026,Group A,India,Tilak Varma
T20 World Cup,2026,Group A,India,Sanju Samson
T20 World Cup,2026,Group A,India,Shivam Dube
T20 World Cup,2026,Group A,India,Ishan Kishan
T20 World Cup,2026,Group A,India,Hardik Pandya
T20 World Cup,2026,Group A,India,Arshdeep Singh
T20 World Cup,2026,Group A,India,Jasprit Bumrah
T20 World Cup,2026,Group A,India,Harshit Rana
T20 World Cup,2026,Group A,India,Varun Chakaravarthy
T20 World Cup,2026,Group A,India,Kuldeep Yadav
T20 World Cup,2026,Group A,India,Axar Patel
T20 World Cup,2026,Group A,India,Washington Sundar
T20 World Cup,2026,Group A,India,Rinku Singh
T20 World Cup,2026,Group A,USA,Monank Patel (c)
T20 World Cup,2026,Group A,USA,Ehsan Adil
T20 World Cup,2026,Group A,USA,Andries Gous
T20 World Cup,2026,Group A,USA,Shehan Jayasuriya
T20 World Cup,2026,Group A,USA,Milind Kumar
T20 World Cup,2026,Group A,USA,Shayan Jahangir
T20 World Cup,2026,Group A,USA,Saiteja Mukkamala
T20 World Cup,2026,Group A,USA,Sanjay Krishnamurthi
T20 World Cup,2026,Group A,USA,Harmeet Singh
T20 World Cup,2026,Group A,USA,Nosthush Kenjige
T20 World Cup,2026,Group A,USA,Shadley Van Schalkwyk
T20 World Cup,2026,Group A,USA,Saurabh Netravalkar
T20 World Cup,2026,Group A,USA,Ali Khan
T20 World Cup,2026,Group A,USA,Mohammad Mohsin
T20 World Cup,2026,Group A,USA,Shubham Ranjane
T20 World Cup,2026,Group A,Namibia,Gerhard Erasmus (c)
T20 World Cup,2026,Group A,Namibia,Zane Green
T20 World Cup,2026,Group A,Namibia,Bernard Scholtz
T20 World Cup,2026,Group A,Namibia,Ruben Trumpelmann
T20 World Cup,2026,Group A,Namibia,JJ Smit
T20 World Cup,2026,Group A,Namibia,Jan Frylinck
T20 World Cup,2026,Group A,Namibia,Louren Steenkamp
T20 World Cup,2026,Group A,Namibia,Malan Kruger
T20 World Cup,2026,Group A,Namibia,Nicol Loftie-Eaton
T20 World Cup,2026,Group A,Namibia,Jack Brassell
T20 World Cup,2026,Group A,Namibia,Alex Volschenk
T20 World Cup,2026,Group A,Namibia,JC Balt
T20 World Cup,2026,Group A,Namibia,Dylan Leicher
T20 World Cup,2026,Group A,Namibia,WP Myburgh
T20 World Cup,2026,Group A,Namibia,Max Heingo
T20 World Cup,2026,Group A,Netherlands,Scott Edwards (c)
T20 World Cup,2026,Group A,Netherlands,Colin Ackermann
T20 World Cup,2026,Group A,Netherlands,Noah Croes
T20 World Cup,2026,Group A,Netherlands,Bas de Leede
T20 World Cup,2026,Group A,Netherlands,Aryan Dutt
T20 World Cup,2026,Group A,Netherlands,Fred Klaassen
T20 World Cup,2026,Group A,Netherlands,Kyle Klein
T20 World Cup,2026,Group A,Netherlands,Michael Levitt
T20 World Cup,2026,Group A,Netherlands,Zach Lion-Cachet
T20 World Cup,2026,Group A,Netherlands,Max O'Dowd
T20 World Cup,2026,Group A,Netherlands,Logan van Beek
T20 World Cup,2026,Group A,Netherlands,Timm van der Gugten
T20 World Cup,2026,Group A,Netherlands,Roelof van der Merwe
T20 World Cup,2026,Group A,Netherlands,Paul van Meekeren
T20 World Cup,2026,Group A,Netherlands,Saqib Zulfiqar
T20 World Cup,2026,Group A,Pakistan,Salman Agha (c)
T20 World Cup,2026,Group A,Pakistan,Abrar Ahmed
T20 World Cup,2026,Group A,Pakistan,Babar Azam
T20 World Cup,2026,Group A,Pakistan,Faheem Ashraf
T20 World Cup,2026,Group A,Pakistan,Fakhar Zaman
T20 World Cup,2026,Group A,Pakistan,Khawaja Nafay
T20 World Cup,2026,Group A,Pakistan,Mohammad Nawaz
T20 World Cup,2026,Group A,Pakistan,Salman Mirza
T20 World Cup,2026,Group A,Pakistan,Naseem Shah
T20 World Cup,2026,Group A,Pakistan,Sahibzada Farhan
T20 World Cup,2026,Group A,Pakistan,Saim Ayub
T20 World Cup,2026,Group A,Pakistan,Shaheen Afridi
T20 World Cup,2026,Group A,Pakistan,Shadab Khan
T20 World Cup,2026,Group A,Pakistan,Usman Khan
T20 World Cup,2026,Group A,Pakistan,Usman Tariq
T20 World Cup,2026,Group B,Australia,Mitchell Marsh (c)
T20 World Cup,2026,Group B,Australia,Xavier Bartlett
T20 World Cup,2026,Group B,Australia,Cooper Connolly
T20 World Cup,2026,Group B,Australia,Tim David
T20 World Cup,2026,Group B,Australia,Ben Dwarshuis
T20 World Cup,2026,Group B,Australia,Cameron Green
T20 World Cup,2026,Group B,Australia,Nathan Ellis
T20 World Cup,2026,Group B,Australia,Travis Head
T20 World Cup,2026,Group B,Australia,Josh Inglis
T20 World Cup,2026,Group B,Australia,Matthew Kuhnemann
T20 World Cup,2026,Group B,Australia,Glenn Maxwell
T20 World Cup,2026,Group B,Australia,Matthew Renshaw
T20 World Cup,2026,Group B,Australia,Marcus Stoinis
T20 World Cup,2026,Group B,Australia,Adam Zampa
T20 World Cup,2026,Group B,Australia,Steve Smith
T20 World Cup,2026,Group B,Sri Lanka,Dasun Shanaka (c)
T20 World Cup,2026,Group B,Sri Lanka,Pathum Nissanka
T20 World Cup,2026,Group B,Sri Lanka,Kamil Mishara
T20 World Cup,2026,Group B,Sri Lanka,Kusal Mendis
T20 World Cup,2026,Group B,Sri Lanka,Kamindu Mendis
T20 World Cup,2026,Group B,Sri Lanka,Kusal Janith Perera
T20 World Cup,2026,Group B,Sri Lanka,Charith Asalanka
T20 World Cup,2026,Group B,Sri Lanka,Janith Liyanage
T20 World Cup,2026,Group B,Sri Lanka,Pavan Rathnayake
T20 World Cup,2026,Group B,Sri Lanka,Dushan Hemantha
T20 World Cup,2026,Group B,Sri Lanka,Dunith Wellalage
T20 World Cup,2026,Group B,Sri Lanka,Maheesh Theekshana
T20 World Cup,2026,Group B,Sri Lanka,Dushmantha Chameera
T20 World Cup,2026,Group B,Sri Lanka,Matheesha Pathirana
T20 World Cup,2026,Group B,Sri Lanka,Eshan Malinga
T20 World Cup,2026,Group B,Zimbabwe,Sikandar Raza (c)
T20 World Cup,2026,Group B,Zimbabwe,Brian Bennett
T20 World Cup,2026,Group B,Zimbabwe,Ryan Burl
T20 World Cup,2026,Group B,Zimbabwe,Graeme Cremer
T20 World Cup,2026,Group B,Zimbabwe,Ben Curran
T20 World Cup,2026,Group B,Zimbabwe,Bradley Evans
T20 World Cup,2026,Group B,Zimbabwe,Clive Madande
T20 World Cup,2026,Group B,Zimbabwe,Tinotenda Maposa
T20 World Cup,2026,Group B,Zimbabwe,Tadiwanashe Marumani
T20 World Cup,2026,Group B,Zimbabwe,Wellington Masakadza
T20 World Cup,2026,Group B,Zimbabwe,Tony Munyonga
T20 World Cup,2026,Group B,Zimbabwe,Tashinga Musekiwa
T20 World Cup,2026,Group B,Zimbabwe,Blessing Muzarabani
T20 World Cup,2026,Group B,Zimbabwe,Dion Myers
T20 World Cup,2026,Group B,Zimbabwe,Richard Ngarava
T20 World Cup,2026,Group B,Ireland,Mark Adair
T20 World Cup,2026,Group B,Ireland,Ross Adair
T20 World Cup,2026,Group B,Ireland,Ben Calitz
T20 World Cup,2026,Group B,Ireland,Curtis Campher
T20 World Cup,2026,Group B,Ireland,Gareth Delany
T20 World Cup,2026,Group B,Ireland,George Dockrell
T20 World Cup,2026,Group B,Ireland,Matthew Humphreys
T20 World Cup,2026,Group B,Ireland,Josh Little
T20 World Cup,2026,Group B,Ireland,Barry McCarthy
T20 World Cup,2026,Group B,Ireland,Harry Tector
T20 World Cup,2026,Group B,Ireland,Tim Tector
T20 World Cup,2026,Group B,Ireland,Lorcan Tucker
T20 World Cup,2026,Group B,Ireland,Sam Topping
T20 World Cup,2026,Group B,Ireland,Ben White
T20 World Cup,2026,Group B,Ireland,Craig Young
T20 World Cup,2026,Group B,Oman,Jatinder Singh (c)
T20 World Cup,2026,Group B,Oman,Vinayak Shukla
T20 World Cup,2026,Group B,Oman,Mohammad Nadeem
T20 World Cup,2026,Group B,Oman,Shakeel Ahmad
T20 World Cup,2026,Group B,Oman,Hammad Mirza
T20 World Cup,2026,Group B,Oman,Wasim Ali
T20 World Cup,2026,Group B,Oman,Karan Sonavale
T20 World Cup,2026,Group B,Oman,Shah Faisal
T20 World Cup,2026,Group B,Oman,Nadeem Khan
T20 World Cup,2026,Group B,Oman,Sufyan Mehmood
T20 World Cup,2026,Group B,Oman,Jay Odedra
T20 World Cup,2026,Group B,Oman,Shafiq Jan
T20 World Cup,2026,Group B,Oman,Ashish Odedara
T20 World Cup,2026,Group B,Oman,Jiten Ramanandi
T20 World Cup,2026,Group B,Oman,Aamir Kaleem
T20 World Cup,2026,Group C,England,Harry Brook (c)
T20 World Cup,2026,Group C,England,Rehan Ahmed
T20 World Cup,2026,Group C,England,Jofra Archer
T20 World Cup,2026,Group C,England,Tom Banton
T20 World Cup,2026,Group C,England,Jacob Bethell
T20 World Cup,2026,Group C,England,Jos Buttler
T20 World Cup,2026,Group C,England,Sam Curran
T20 World Cup,2026,Group C,England,Liam Dawson
T20 World Cup,2026,Group C,England,Ben Duckett
T20 World Cup,2026,Group C,England,Will Jacks
T20 World Cup,2026,Group C,England,Jamie Overton
T20 World Cup,2026,Group C,England,Adil Rashid
T20 World Cup,2026,Group C,England,Phil Salt
T20 World Cup,2026,Group C,England,Josh Tongue
T20 World Cup,2026,Group C,England,Luke Wood
T20 World Cup,2026,Group C,West Indies,Shai Hope (c)
T20 World Cup,2026,Group C,West Indies,Shimron Hetmyer
T20 World Cup,2026,Group C,West Indies,Johnson Charles
T20 World Cup,2026,Group C,West Indies,Roston Chase
T20 World Cup,2026,Group C,West Indies,Matthew Forde
T20 World Cup,2026,Group C,West Indies,Jason Holder
T20 World Cup,2026,Group C,West Indies,Akeal Hosein
T20 World Cup,2026,Group C,West Indies,Shamar Joseph
T20 World Cup,2026,Group C,West Indies,Brandon King
T20 World Cup,2026,Group C,West Indies,Gudakesh Motie
T20 World Cup,2026,Group C,West Indies,Rovman Powell
T20 World Cup,2026,Group C,West Indies,Sherfane Rutherford
T20 World Cup,2026,Group C,West Indies,Quentin Sampson
T20 World Cup,2026,Group C,West Indies,Jayden Seales
T20 World Cup,2026,Group C,West Indies,Romario Shepherd
T20 World Cup,2026,Group C,Italy,Wayne Madsen (c)
T20 World Cup,2026,Group C,Italy,Marcus Campopiano
T20 World Cup,2026,Group C,Italy,Gian Piero Meade
T20 World Cup,2026,Group C,Italy,Zain Ali
T20 World Cup,2026,Group C,Italy,Ali Hasan
T20 World Cup,2026,Group C,Italy,Crishan Jorge Kalugamage
T20 World Cup,2026,Group C,Italy,Harry Manenti
T20 World Cup,2026,Group C,Italy,Anthony Mosca
T20 World Cup,2026,Group C,Italy,Justin Mosca
T20 World Cup,2026,Group C,Italy,Syed Naqvi
T20 World Cup,2026,Group C,Italy,Benjamin Manenti
T20 World Cup,2026,Group C,Italy,Jaspreet Singh
T20 World Cup,2026,Group C,Italy,JJ Smuts
T20 World Cup,2026,Group C,Italy,Grant Stewart
T20 World Cup,2026,Group C,Italy,Thomas Draca
T20 World Cup,2026,Group C,Nepal,Rohit Paudel (c)
T20 World Cup,2026,Group C,Nepal,Dipendra Singh Airee
T20 World Cup,2026,Group C,Nepal,Sandeep Lamichhane
T20 World Cup,2026,Group C,Nepal,Kushal Bhurtel
T20 World Cup,2026,Group C,Nepal,Aasif Sheikh
T20 World Cup,2026,Group C,Nepal,Sundeep Jora
T20 World Cup,2026,Group C,Nepal,Aarif Sheikh
T20 World Cup,2026,Group C,Nepal,Basir Ahamad
T20 World Cup,2026,Group C,Nepal,Sompal Kami
T20 World Cup,2026,Group C,Nepal,Karan KC
T20 World Cup,2026,Group C,Nepal,Nandan Yadav
T20 World Cup,2026,Group C,Nepal,Gulshan Jha
T20 World Cup,2026,Group C,Nepal,Lalit Rajbanshi
T20 World Cup,2026,Group C,Nepal,Sher Malla
T20 World Cup,2026,Group C,Nepal,Lokesh Bam
T20 World Cup,2026,Group C,Scotland,Richie Berrington (c)
T20 World Cup,2026,Group C,Scotland,Tom Bruce
T20 World Cup,2026,Group C,Scotland,Matthew Cross
T20 World Cup,2026,Group C,Scotland,Bradley Currie
T20 World Cup,2026,Group C,Scotland,Oliver Davidson
T20 World Cup,2026,Group C,Scotland,Chris Greaves
T20 World Cup,2026,Group C,Scotland,Zainullah Ihsan
T20 World Cup,2026,Group C,Scotland,Michael Jones
T20 World Cup,2026,Group C,Scotland,Michael Leask
T20 World Cup,2026,Group C,Scotland,Finlay McCreath
T20 World Cup,2026,Group C,Scotland,Brandon McMullen
T20 World Cup,2026,Group C,Scotland,George Munsey
T20 World Cup,2026,Group C,Scotland,Jack Jarvis
T20 World Cup,2026,Group C,Scotland,Mark Watt
T20 World Cup,2026,Group C,Scotland,Bradley Wheal
T20 World Cup,2026,Group D,South Africa,Aiden Markram (c)
T20 World Cup,2026,Group D,South Africa,Corbin Bosch
T20 World Cup,2026,Group D,South Africa,Dewald Brevis
T20 World Cup,2026,Group D,South Africa,Quinton de Kock
T20 World Cup,2026,Group D,South Africa,Marco Jansen
T20 World Cup,2026,Group D,South Africa,George Linde
T20 World Cup,2026,Group D,South Africa,Keshav Maharaj
T20 World Cup,2026,Group D,South Africa,Kwena Maphaka
T20 World Cup,2026,Group D,South Africa,David Miller
T20 World Cup,2026,Group D,South Africa,Lungi Ngidi
T20 World Cup,2026,Group D,South Africa,Anrich Nortje
T20 World Cup,2026,Group D,South Africa,Kagiso Rabada
T20 World Cup,2026,Group D,South Africa,Ryan Rickelton
T20 World Cup,2026,Group D,South Africa,Jason Smith
T20 World Cup,2026,Group D,South Africa,Tristan Stubbs
T20 World Cup,2026,Group D,New Zealand,Mitchell Santner (c)
T20 World Cup,2026,Group D,New Zealand,Finn Allen
T20 World Cup,2026,Group D,New Zealand,Mark Chapman
T20 World Cup,2026,Group D,New Zealand,Devon Conway
T20 World Cup,2026,Group D,New Zealand,Jacob Duffy
T20 World Cup,2026,Group D,New Zealand,Lockie Ferguson
T20 World Cup,2026,Group D,New Zealand,Matt Henry
T20 World Cup,2026,Group D,New Zealand,Kyle Jamieson
T20 World Cup,2026,Group D,New Zealand,Daryl Mitchell
T20 World Cup,2026,Group D,New Zealand,James Neesham
T20 World Cup,2026,Group D,New Zealand,Glenn Phillips
T20 World Cup,2026,Group D,New Zealand,Rachin Ravindra
T20 World Cup,2026,Group D,New Zealand,Tim Seifert
T20 World Cup,2026,Group D,New Zealand,Ish Sodhi
T20 World Cup,2026,Group D,New Zealand,Cole McConchie
T20 World Cup,2026,Group D,Afghanistan,Rashid Khan (c)
T20 World Cup,2026,Group D,Afghanistan,Noor Ahmad
T20 World Cup,2026,Group D,Afghanistan,Abdullah Ahmadzai
T20 World Cup,2026,Group D,Afghanistan,Sediqullah Atal
T20 World Cup,2026,Group D,Afghanistan,Fazalhaq Farooqi
T20 World Cup,2026,Group D,Afghanistan,Rahmanullah Gurbaz
T20 World Cup,2026,Group D,Afghanistan,Mohammad Ishaq Rahimi
T20 World Cup,2026,Group D,Afghanistan,Shahidullah Kamal
T20 World Cup,2026,Group D,Afghanistan,Mohammad Nabi
T20 World Cup,2026,Group D,Afghanistan,Gulbadin Naib
T20 World Cup,2026,Group D,Afghanistan,Azmatullah Omarzai
T20 World Cup,2026,Group D,Afghanistan,Mujeeb Ur Rahman
T20 World Cup,2026,Group D,Afghanistan,Darwish Rasooli
T20 World Cup,2026,Group D,Afghanistan,Ibrahim Zadran
T20 World Cup,2026,Group D,Afghanistan,Zia Ur Rahman Sharifi
T20 World Cup,2026,Group D,Canada,Dilpreet Bajwa (c)
T20 World Cup,2026,Group D,Canada,Ajayveer Hundal
T20 World Cup,2026,Group D,Canada,Ansh Patel
T20 World Cup,2026,Group D,Canada,Dilon Heyliger
T20 World Cup,2026,Group D,Canada,Harsh Thaker
T20 World Cup,2026,Group D,Canada,Jaskarandeep Singh
T20 World Cup,2026,Group D,Canada,Kaleem Sana
T20 World Cup,2026,Group D,Canada,Kanwarpal Tathgur
T20 World Cup,2026,Group D,Canada,Navneet Dhaliwal
T20 World Cup,2026,Group D,Canada,Nicholas Kirton
T20 World Cup,2026,Group D,Canada,Ravinderpal Singh
T20 World Cup,2026,Group D,Canada,Saad Bin Zafar
T20 World Cup,2026,Group D,Canada,Shivam Sharma
T20 World Cup,2026,Group D,Canada,Shreyas Movva
T20 World Cup,2026,Group D,Canada,Yuvraj Samra
T20 World Cup,2026,Group D,UAE,Muhammad Waseem (c)
T20 World Cup,2026,Group D,UAE,Alishan Sharafu
T20 World Cup,2026,Group D,UAE,Aryansh Sharma
T20 World Cup,2026,Group D,UAE,Dhruv Parashar
T20 World Cup,2026,Group D,UAE,Haider Ali
T20 World Cup,2026,Group D,UAE,Harshit Kaushik
T20 World Cup,2026,Group D,UAE,Junaid Siddique
T20 World Cup,2026,Group D,UAE,Mayank Kumar
T20 World Cup,2026,Group D,UAE,Muhammad Arfan
T20 World Cup,2026,Group D,UAE,Muhammad Farooq
T20 World Cup,2026,Group D,UAE,Muhammad Jawadullah
T20 World Cup,2026,Group D,UAE,Muhammad Zohaib
T20 World Cup,2026,Group D,UAE,Rohid Khan
T20 World Cup,2026,Group D,UAE,Sohaib Khan
T20 World Cup,2026,Group D,UAE,Simranjeet Singh
