Match_No,Series,Match_Date,Ground,Host_Country,Match,Result_Type,Winner,Result_Summary,Points
1,The Ashes 2023,16-20 Jun 2023,"Edgbaston, Birmingham",England,England v Australia,Win,Australia,Eng 393/8d & 273; Aus 386 & 282/8 (Australia won by 2 wickets),"Australia 12, England -2"
2,The Ashes 2023,28 Jun-2 Jul 2023,"Lord's, London",England,England v Australia,Win,Australia,Aus 416 & 279; Eng 325 & 327 (Australia won by 43 runs),"Australia 12, England -9"
3,The Ashes 2023,6-10 Jul 2023,"Headingley, Leeds",England,England v Australia,Win,England,Aus 263 & 224; Eng 237 & 254/7 (England won by 3 wickets),"England 12, Australia 0"
4,The Ashes 2023,19-23 Jul 2023,"Old Trafford, Manchester",England,England v Australia,Draw,-,Eng 317 & 214/5; Aus 592 (Match drawn, rain-affected; Australia retained the Ashes),"England 1, Australia -6"
5,The Ashes 2023,27-31 Jul 2023,"The Oval, London",England,England v Australia,Win,England,Eng 283 & 395; Aus 295 & 334 (England won by 49 runs; series drawn 2-2, Australia retained the Ashes),"England 12, Australia 0"
6,India tour of West Indies 2023,12-14 Jul 2023,"Windsor Park, Roseau",West Indies,West Indies v India,Win,India,WI 150 & 130; Ind 438/7d (India won by an innings and 141 runs),"India 12, West Indies 0"
7,India tour of West Indies 2023,20-24 Jul 2023,"Queen's Park Oval, Port of Spain",West Indies,West Indies v India,Draw,-,WI 255 & 121/9d; Ind 438 & 79/2 (Match drawn, rain-affected),"West Indies 4, India 4"
8,Pakistan tour of Sri Lanka 2023,16-20 Jul 2023,"Galle International Stadium, Galle",Sri Lanka,Sri Lanka v Pakistan,Win,Pakistan,SL 312 & 279; Pak 461 & 133/6 (Pakistan won by 4 wickets),"Pakistan 12, Sri Lanka 0"
9,Pakistan tour of Sri Lanka 2023,24-27 Jul 2023,"Galle International Stadium, Galle",Sri Lanka,Sri Lanka v Pakistan,Win,Pakistan,SL 166 & 188; Pak 493 (Pakistan won by an innings and 139 runs),"Pakistan 12, Sri Lanka 0"
10,New Zealand tour of Bangladesh 2023,28 Nov-2 Dec 2023,"Sylhet International Cricket Stadium, Sylhet",Bangladesh,Bangladesh v New Zealand,Win,Bangladesh,Ban 310 & 338; NZ 317 & 181 (Bangladesh won by 150 runs),"Bangladesh 12, New Zealand 0"
11,New Zealand tour of Bangladesh 2023,6-9 Dec 2023,"Sher-e-Bangla National Stadium, Mirpur",Bangladesh,Bangladesh v New Zealand,Win,New Zealand,NZ 172 & 144; Ban 180 & 139/6 (New Zealand won by 4 wickets),"New Zealand 12, Bangladesh 0"
12,Pakistan tour of Australia 2023-24,14-18 Dec 2023,"Perth Stadium, Perth",Australia,Australia v Pakistan,Win,Australia,Pak 271 & 89; Aus 487/9d & (T not required) (Australia won by 360 runs),"Australia 12, Pakistan -2"
13,Pakistan tour of Australia 2023-24,26-29 Dec 2023,"Melbourne Cricket Ground, Melbourne",Australia,Australia v Pakistan,Win,Australia,Aus 318 & 262; Pak 264 & 237 (Australia won by 79 runs),"Australia 12, Pakistan 0"
14,Pakistan tour of Australia 2023-24,3-6 Jan 2024,"Sydney Cricket Ground, Sydney",Australia,Australia v Pakistan,Win,Australia,Aus 313 & 115/2; Pak 313 & 115 (Australia won by 8 wickets),"Australia 12, Pakistan 0"
15,India tour of South Africa 2023-24,26-29 Dec 2023,"SuperSport Park, Centurion",South Africa,South Africa v India,Win,South Africa,Ind 245 & 131; SA 408 (South Africa won by an innings and 32 runs),"South Africa 12, India -2"
16,India tour of South Africa 2023-24,3-4 Jan 2024,"Newlands, Cape Town",South Africa,South Africa v India,Win,India,SA 55 & 176; Ind 153 & 80/3 (India won by 7 wickets),"India 12, South Africa 0"
17,West Indies tour of Australia 2024,17-19 Jan 2024,"Adelaide Oval, Adelaide",Australia,Australia v West Indies,Win,Australia,WI 188 & 120; Aus 283 & 26/0 (Australia won by 10 wickets),"Australia 12, West Indies 0"
18,West Indies tour of Australia 2024,25-29 Jan 2024,"The Gabba, Brisbane",Australia,Australia v West Indies,Win,West Indies,Aus 289 & 207; WI 311 & 8/6 (West Indies won by 8 runs),"West Indies 12, Australia 0"
19,England tour of India 2024,25-29 Jan 2024,"Rajiv Gandhi Intl Stadium, Hyderabad",India,India v England,Win,England,Eng 246 & 420; Ind 436 & 202 (England won by 28 runs),"England 12, India 0"
20,England tour of India 2024,2-6 Feb 2024,"ACA-VDCA Stadium, Visakhapatnam",India,India v England,Win,India,Ind 396 & 255; Eng 253 & 292 (India won by 106 runs),"India 12, England 0"
21,England tour of India 2024,15-19 Feb 2024,"Saurashtra CA Stadium, Rajkot",India,India v England,Win,India,Eng 319 & 122; Ind 445 & (T not required) (India won by 434 runs),"India 12, England 0"
22,England tour of India 2024,23-27 Feb 2024,"JSCA International Stadium, Ranchi",India,India v England,Win,India,Eng 353 & 145; Ind 307 & 192/5 (India won by 5 wickets),"India 12, England 0"
23,England tour of India 2024,7-11 Mar 2024,"HPCA Stadium, Dharamsala",India,India v England,Win,India,Eng 218 & 195; Ind 477 (India won by an innings and 64 runs),"India 12, England 0"
24,South Africa tour of New Zealand 2024,4-7 Feb 2024,"Bay Oval, Mount Maunganui",New Zealand,New Zealand v South Africa,Win,New Zealand,NZ 511 & 179/4d; SA 162 & 247 (New Zealand won by 281 runs),"New Zealand 12, South Africa 0"
25,South Africa tour of New Zealand 2024,13-16 Feb 2024,"Seddon Park, Hamilton",New Zealand,New Zealand v South Africa,Win,New Zealand,SA 242 & 235; NZ 211 & 269/3 (New Zealand won by 7 wickets),"New Zealand 12, South Africa 0"
26,Australia tour of New Zealand 2024,29 Feb-4 Mar 2024,"Basin Reserve, Wellington",New Zealand,New Zealand v Australia,Win,Australia,NZ 179 & 196; Aus 383 & 164 (via 1st-innings-lead style win) (Australia won),"Australia 12, New Zealand 0"
27,Australia tour of New Zealand 2024,8-11 Mar 2024,"Hagley Oval, Christchurch",New Zealand,New Zealand v Australia,Win,Australia,NZ 162 & 372; Aus 256 & 281/7 (Australia won by 3 wickets),"Australia 12, New Zealand 0"
28,Sri Lanka tour of Bangladesh 2024,22-26 Mar 2024,"Sylhet International Cricket Stadium, Sylhet",Bangladesh,Bangladesh v Sri Lanka,Win,Sri Lanka,Ban 188 & 182; SL 280 & 418/(T not required) (Sri Lanka won),"Sri Lanka 12, Bangladesh 0"
29,Sri Lanka tour of Bangladesh 2024,30 Mar-3 Apr 2024,"Zahur Ahmed Chowdhury Stadium, Chattogram",Bangladesh,Bangladesh v Sri Lanka,Win,Sri Lanka,Ban 178 & 318; SL (T not required) (Sri Lanka won),"Sri Lanka 12, Bangladesh 0"
30,West Indies tour of England 2024,10-12 Jul 2024,"Lord's, London",England,England v West Indies,Win,England,WI 121 & 136; Eng 371 (England won by an innings and 114 runs),"England 12, West Indies 0"
31,West Indies tour of England 2024,18-21 Jul 2024,"Trent Bridge, Nottingham",England,England v West Indies,Win,England,Eng 416 & 425; WI 457 & 143 (England won by 241 runs),"England 12, West Indies 0"
32,West Indies tour of England 2024,26-28 Jul 2024,"Edgbaston, Birmingham",England,England v West Indies,Win,England,Eng 282 & 175; WI 376 & 87/0 (England won by 10 wickets),"England 12, West Indies 0"
33,West Indies tour of South Africa 2024,7-11 Aug 2024,"St George's Park, Gqeberha",South Africa,South Africa v West Indies,Draw,-,SA 357 & 173/3; WI 233 & 201/5 (Match drawn),"South Africa 4, West Indies 4"
34,West Indies tour of South Africa 2024,15-17 Aug 2024,"Kingsmead, Durban",South Africa,South Africa v West Indies,Win,South Africa,SA 160 & 246; WI 144 & 222 (South Africa won by 40 runs),"South Africa 12, West Indies 0"
35,Bangladesh tour of Pakistan 2024,21-25 Aug 2024,"Rawalpindi Cricket Stadium, Rawalpindi",Pakistan,Pakistan v Bangladesh,Win,Bangladesh,Pak 448 & 146; Ban 565 & 30/0 (Bangladesh won by 10 wickets),"Bangladesh 9, Pakistan -6"
36,Bangladesh tour of Pakistan 2024,30 Aug-3 Sep 2024,"Rawalpindi Cricket Stadium, Rawalpindi",Pakistan,Pakistan v Bangladesh,Win,Bangladesh,Pak 274 & 172; Ban 262 & 185/4 (Bangladesh won by 6 wickets),"Bangladesh 12, Pakistan 0"
37,Sri Lanka tour of England 2024,21-24 Aug 2024,"Old Trafford, Manchester",England,England v Sri Lanka,Win,England,Eng 236 & 326; SL 358 & 205/5(?) (England won),"England 12, Sri Lanka 0"
38,Sri Lanka tour of England 2024,29 Aug-1 Sep 2024,"Lord's, London",England,England v Sri Lanka,Win,England,Eng 427 & 251; SL 196 & 292 (England won by 190 runs),"England 12, Sri Lanka 0"
39,Sri Lanka tour of England 2024,6-10 Sep 2024,"The Oval, London",England,England v Sri Lanka,No Result,-,Match abandoned without a ball bowled (rain),"England 0, Sri Lanka 0"
40,New Zealand tour of Sri Lanka 2024,18-23 Sep 2024,"Galle International Stadium, Galle",Sri Lanka,Sri Lanka v New Zealand,Win,Sri Lanka,SL 305 & 309; NZ 340 & 211 (Sri Lanka won by 63 runs),"Sri Lanka 12, New Zealand 0"
41,New Zealand tour of Sri Lanka 2024,26-29 Sep 2024,"Galle International Stadium, Galle",Sri Lanka,Sri Lanka v New Zealand,Win,Sri Lanka,NZ 88 & 360; SL 602/5d (Sri Lanka won by an innings margin),"Sri Lanka 12, New Zealand 0"
42,Bangladesh tour of India 2024,19-22 Sep 2024,"M. A. Chidambaram Stadium, Chennai",India,India v Bangladesh,Win,India,Ban 149 & 234; Ind (T not required) (India won by 280 runs),"India 12, Bangladesh 0"
43,Bangladesh tour of India 2024,27 Sep-1 Oct 2024,"Green Park Stadium, Kanpur",India,India v Bangladesh,Win,India,Ban 233 & 146; Ind (T not required) (India won by 7 wickets),"India 12, Bangladesh 0"
44,England tour of Pakistan 2024,7-11 Oct 2024,"Multan Cricket Stadium, Multan",Pakistan,Pakistan v England,Win,England,Eng 823/7d & 220; Pak 556 (England won by 267 runs),"England 12, Pakistan 0"
45,England tour of Pakistan 2024,15-18 Oct 2024,"Multan Cricket Stadium, Multan",Pakistan,Pakistan v England,Win,Pakistan,Eng 291 & 144; Pak 366 & 221/2 (Pakistan won by 152 runs),"Pakistan 12, England 0"
46,England tour of Pakistan 2024,24-26 Oct 2024,"Rawalpindi Cricket Stadium, Rawalpindi",Pakistan,Pakistan v England,Win,Pakistan,Eng 267 & 112; Pak 344 & 37/1 (Pakistan won by 9 wickets),"Pakistan 12, England 0"
47,India tour of New Zealand 2024,16-20 Oct 2024,"M. Chinnaswamy Stadium, Bengaluru",India,India v New Zealand,Win,New Zealand,Ind 46 & 462; NZ 402 & 110/2 (New Zealand won by 8 wickets),"New Zealand 12, India 0"
48,India tour of New Zealand 2024,24-26 Oct 2024,"Maharashtra CA Stadium, Pune",India,India v New Zealand,Win,New Zealand,Ind 156 & 245; NZ 259 (New Zealand won by 113 runs),"New Zealand 12, India 0"
49,India tour of New Zealand 2024,1-3 Nov 2024,"Wankhede Stadium, Mumbai",India,India v New Zealand,Win,New Zealand,Ind 263 & 121; NZ 235 & 174 (New Zealand won by 25 runs),"New Zealand 12, India 0"
50,Bangladesh tour of South Africa 2024,21-24 Oct 2024,"Chief Mangope Stadium, Mahikeng",South Africa,South Africa v Bangladesh,Win,South Africa,Ban 106 & 307; SA 308 & 106/3 (South Africa won by 7 wickets),"South Africa 12, Bangladesh 0"
51,Bangladesh tour of South Africa 2024,29-31 Oct 2024,"Absa Stadium, East London",South Africa,South Africa v Bangladesh,Win,South Africa,SA 575/6d; Ban 159 & 143 (South Africa won by an innings and 273 runs),"South Africa 12, Bangladesh 0"
52,India tour of Australia 2024-25,22-25 Nov 2024,"Perth Stadium, Perth",Australia,Australia v India,Win,India,Aus 104 & 238; Ind 150 & 8/... (India won by 295 runs),"India 12, Australia 0"
53,India tour of Australia 2024-25,6-8 Dec 2024,"Adelaide Oval, Adelaide",Australia,Australia v India,Win,Australia,Ind 180 & 175; Aus 337 & 19/0 (Australia won by 10 wickets),"Australia 12, India 0"
54,India tour of Australia 2024-25,14-18 Dec 2024,"The Gabba, Brisbane",Australia,Australia v India,Draw,-,Aus 445 & 89/7d; Ind 260 & 8/0 (Match drawn),"Australia 4, India 4"
55,India tour of Australia 2024-25,26-30 Dec 2024,"Melbourne Cricket Ground, Melbourne",Australia,Australia v India,Win,Australia,Aus 474 & 234; Ind 369 & 155 (Australia won by 184 runs),"Australia 12, India 0"
56,India tour of Australia 2024-25,3-5 Jan 2025,"Sydney Cricket Ground, Sydney",Australia,Australia v India,Win,Australia,Ind 185 & 157; Aus 181 & 162/4 (Australia won by 6 wickets),"Australia 12, India 0"
57,Bangladesh tour of West Indies 2024,22-26 Nov 2024,"Sir Vivian Richards Stadium, North Sound",West Indies,West Indies v Bangladesh,Win,West Indies,Ban 269/9d & 132; WI 450/9d & 152/... (West Indies won),"West Indies 12, Bangladesh 0"
58,Bangladesh tour of West Indies 2024,30 Nov-3 Dec 2024,"Sabina Park, Kingston",West Indies,West Indies v Bangladesh,Win,Bangladesh,WI 146 & 185; Ban 164 & 268 (Bangladesh won by 101 runs),"Bangladesh 12, West Indies 0"
59,Sri Lanka tour of South Africa 2024,27-30 Nov 2024,"Kingsmead, Durban",South Africa,South Africa v Sri Lanka,Win,South Africa,SL 42 & 282; SA 191 & 366/5 (South Africa won by 5 wickets),"South Africa 12, Sri Lanka 0"
60,Sri Lanka tour of South Africa 2024,5-9 Dec 2024,"St George's Park, Gqeberha",South Africa,South Africa v Sri Lanka,Win,South Africa,SL 328 & 238; SA 358 & 317 (South Africa won),"South Africa 12, Sri Lanka 0"
61,England tour of New Zealand 2024,28 Nov-2 Dec 2024,"Hagley Oval, Christchurch",New Zealand,New Zealand v England,Win,England,NZ 348 & 254; Eng 499 & 104/2 (England won by 8 wickets),"England 9, New Zealand -3"
62,England tour of New Zealand 2024,6-8 Dec 2024,"Basin Reserve, Wellington",New Zealand,New Zealand v England,Win,England,NZ 125 & 259; Eng (T not required) (England won by an innings margin),"England 12, New Zealand 0"
63,England tour of New Zealand 2024,14-17 Dec 2024,"Seddon Park, Hamilton",New Zealand,New Zealand v England,Win,New Zealand,Eng 347 & 453; NZ 143 & 234 (New Zealand won by...),"New Zealand 12, England 0"
64,Pakistan tour of South Africa 2024-25,26-29 Dec 2024,"SuperSport Park, Centurion",South Africa,South Africa v Pakistan,Win,South Africa,Pak 211 & 237; SA 301 & 150/8 (South Africa won by 2 wickets),"South Africa 12, Pakistan 0"
65,Pakistan tour of South Africa 2024-25,3-6 Jan 2025,"Newlands, Cape Town",South Africa,South Africa v Pakistan,Win,South Africa,SA 615 & 61/0; Pak (T not required) (South Africa won by an innings margin),"South Africa 12, Pakistan -5"
66,West Indies tour of Pakistan 2025,17-19 Jan 2025,"Multan Cricket Stadium, Multan",Pakistan,Pakistan v West Indies,Win,Pakistan,Pak 230 & 157; WI 137 & 123 (Pakistan won by 127 runs),"Pakistan 12, West Indies 0"
67,West Indies tour of Pakistan 2025,25-27 Jan 2025,"Multan Cricket Stadium, Multan",Pakistan,Pakistan v West Indies,Win,West Indies,WI 163 & 244; Pak 154 & 133 (West Indies won by 120 runs),"West Indies 12, Pakistan 0"
68,Australia tour of Sri Lanka 2025,29 Jan-2 Feb 2025,"Galle International Stadium, Galle",Sri Lanka,Sri Lanka v Australia,Win,Australia,Aus 654/6d; SL 165 & 247 (Australia won by an innings and 242 runs),"Australia 12, Sri Lanka 0"
69,Australia tour of Sri Lanka 2025,6-10 Feb 2025,"Galle International Stadium, Galle",Sri Lanka,Sri Lanka v Australia,Win,Australia,SL 257 & 231; Aus 414 & 75/1 (Australia won by 9 wickets),"Australia 12, Sri Lanka 0"
70,2025 WTC Final,11-14 Jun 2025,"Lord's, London",England,Australia v South Africa,Win,South Africa,Aus 212 & 207; SA 138 & 282/5 (South Africa won by 5 wickets),Final (no league points)
